tree
version=v4
num_class=1
num_tree_per_iteration=1
label_index=0
max_feature_idx=39
objective=binary sigmoid:1
feature_names=n_episodios_anteriores idade_requerido idade_vitima ameaca_morte acesso_arma uso_alcool_drogas separacao_recente descumpriu_medida filhos_comum desemprego_agressor controle_coercitivo classe_Auto_de_Prisão_em_Flagrante classe_Ação_Penal_-_Procedimento_Ordinário classe_Ação_Penal_-_Procedimento_Sumaríssimo classe_Ação_Penal_-_Procedimento_Sumário classe_Ação_Penal_de_Competência_do_Júri classe_Carta_Precatória_Criminal classe_Comunicado_de_Mandado_de_Prisão classe_Cumprimento_de_sentença classe_Inquérito_Policial classe_Insanidade_Mental_do_Acusado classe_Medidas_Protetivas_de_Urgência_(Lei_Maria_da_Penha)_-_Criminal classe_Medidas_Protetivas_de_Urgência_-_Crianças_e_Adolescentes_(Lei_Henry_Borel_-_Lei_14.344/2022)_Criminais classe_Medidas_de_Proteção_-_Criança_e_Adolescente_(Lei_13.431)_Criminais classe_Pedido_de_Medida_de_Proteção classe_Pedido_de_Prisão_Preventiva classe_Petição_Criminal classe_Procedimento_Especial_da_Lei_Antitóxicos classe_Procedimento_Investigatório_Criminal_(PIC-MP) classe_Representação_Criminal/Notícia_de_Crime classe_Termo_Circunstanciado situacao_processo_Ativo situacao_processo_Em_Instância_Superior situacao_processo_Suspenso sexo_requerido_F sexo_requerido_M sexo_requerido_nan sexo_vitima_F sexo_vitima_M sexo_vitima_nan
feature_infos=[0:4] [14:90] [12:90] [0:1] [0:1] [0:1] [0:1] [0:1] [0:1] [0:1] [0:1] [0:1] [0:1] none [0:1] none [0:1] none none [0:1] none [0:1] none none none [0:1] [0:1] none none none none [0:1] [0:1] [0:1] [0:1] [0:1] none [0:1] [0:1] none
tree_sizes=3493 3490 3506 3507 3509 3481 3520 3508 3524 3499 3492 3503 3515 3493 3502 3495 3476 3495 3490 3479 3529 3478 3479 3499 3468 3482 3509 3491 3487 3493 3481 3511 3473 3473 3484 3494 3486 3489 3501 3473 3460 3483 3491 3509 3488 3492 3474 3460 3473 3455 3494 3466 3487 3465

Tree=0
num_leaves=31
num_cat=0
split_feature=0 5 7 5 6 7 7 6 4 9 4 9 4 10 4 7 4 9 10 6 4 10 31 9 10 1 10 1 1 2
split_gain=1323.11 364.627 147.98 94.3878 83.417 78.4599 63.8274 53.137 48.0474 37.9833 33.7652 29.0179 23.9575 21.0066 19.7452 17.8675 15.1635 15.1101 13.4903 13.1308 11.9443 11.1696 10.6347 9.95599 9.17275 8.40065 8.24815 8.07867 7.79786 7.15354
threshold=1.0000000180025095e-35 1.0000000180025095e-35 1.0000000180025095e-35 1.0000000180025095e-35 1.0000000180025095e-35 1.0000000180025095e-35 1.0000000180025095e-35 1.0000000180025095e-35 1.0000000180025095e-35 1.0000000180025095e-35 1.0000000180025095e-35 1.0000000180025095e-35 1.0000000180025095e-35 1.0000000180025095e-35 1.0000000180025095e-35 1.0000000180025095e-35 1.0000000180025095e-35 1.0000000180025095e-35 1.0000000180025095e-35 1.0000000180025095e-35 1.0000000180025095e-35 1.0000000180025095e-35 1.0000000180025095e-35 1.0000000180025095e-35 1.0000000180025095e-35 28.500000000000004 1.0000000180025095e-35 42.500000000000007 37.500000000000007 40.500000000000007
decision_type=2 2 2 2 2 2 2 2 2 2 2 2 2 2 2 2 2 2 2 2 2 2 2 2 2 2 2 2 2 2
left_child=1 2 4 6 8 7 10 9 11 -3 13 18 21 19 26 -5 -9 20 -1 23 -6 -4 -10 -2 -8 -25 -11 -21 -28 -30
right_child=3 5 12 15 17 -7 24 16 22 14 -12 -13 -14 -15 -16 -17 -18 -19 -20 27 -22 -23 -24 25 -26 -27 28 -29 29 -31
leaf_value=-0.048153001967290658 -0.0045326100573674028 -0.012683127157341819 -0.0047750356941871569 0.063506058802702409 -0.020206681403472048 0.046293452261143578 0.052910277787972144 0.023606079930639502 -0.016467410639262877 0.0014719138175662639 0.060283862687760904 -0.027236703351832623 0.050827274171620702 0.038917523311095804 0.061862051712087092 0.085343660372526373 0.063850727762363474 0.009730794867587822 -0.030985131202064076 0.0516174455295604 0.0210141421771191 0.021421193413923671 0.019886906644184237 -0.035441878751885758 0.072374833347519374 0.033970285202240234 0.064558696436261859 -0.010826352551726346 0.0010289192579092561 0.06011422642789975
leaf_weight=728.49578806757927 104.49939581751823 304.49823948740959 112.49934956431389 189.99890148639679 159.49907782673836 152.74911685287952 136.49921080470085 136.49921080470085 48.749718144536018 80.999531686306 65.49962130188942 292.49830886721611 33.499806314706802 97.499436289072037 22.249871358275414 184.74893184006214 28.249836668372154 86.99949699640274 135.74921514093876 25.499852567911152 19.749885812401772 63.74963141977787 34.249801978468895 4.999971091747283 108.74937124550343 33.999803423881531 11.249934956431387 6.4999624192714682 21.24987713992596 6.7499609738588324
leaf_count=2914 418 1218 450 760 638 611 546 546 195 324 262 1170 134 390 89 739 113 348 543 102 79 255 137 20 435 136 45 26 85 27
internal_value=0.00479827 -0.0144822 -0.0272792 0.0546891 -0.0327593 0.0142379 0.0421175 0.00623388 -0.0382126 -0.00271238 0.0280445 -0.0408493 0.0120673 0.0203094 0.0185935 0.0742719 0.0305069 -0.0073666 -0.0454564 0.00997149 -0.0156649 0.0047002 -0.00146578 0.00351305 0.0615413 0.0250713 0.0105875 0.0389335 0.0293993 0.0152727
internal_weight=3438.73 2480.24 1715.74 958.494 1505.99 764.496 583.747 611.746 1239.74 446.997 338.498 1156.74 209.749 272.998 142.499 374.748 164.749 266.248 864.245 175.499 179.249 176.249 82.9995 143.499 245.249 38.9998 120.249 31.9998 39.2498 27.9998
internal_count=13755 9921 6863 3834 6024 3058 2335 2447 4959 1788 1354 4627 839 1092 570 1499 659 1065 3457 702 717 705 332 574 981 156 481 128 157 112
is_linear=0
shrinkage=1


Tree=1
num_leaves=31
num_cat=0
split_feature=0 3 5 3 7 7 5 6 7 4 6 4 4 6 4 5 5 4 7 5 7 31 7 2 2 4 1 6 4 1
split_gain=1195.04 440.8 182.265 127.994 75.328 59.0933 56.3979 46.6446 41.8611 33.4349 32.3402 23.1977 21.79 21.724 17.9501 17.2023 17.0215 16.4393 15.7847 13.6923 12.9142 10.3249 10.0147 9.77006 8.55705 7.97973 7.60204 7.09868 7.38837 6.49847
threshold=1.0000000180025095e-35 1.0000000180025095e-35 1.0000000180025095e-35 1.0000000180025095e-35 1.0000000180025095e-35 1.0000000180025095e-35 1.0000000180025095e-35 1.0000000180025095e-35 1.0000000180025095e-35 1.0000000180025095e-35 1.0000000180025095e-35 1.0000000180025095e-35 1.0000000180025095e-35 1.0000000180025095e-35 1.0000000180025095e-35 1.0000000180025095e-35 1.0000000180025095e-35 1.0000000180025095e-35 1.0000000180025095e-35 1.0000000180025095e-35 1.0000000180025095e-35 1.0000000180025095e-35 1.0000000180025095e-35 32.500000000000007 39.500000000000007 1.0000000180025095e-35 37.500000000000007 1.0000000180025095e-35 1.0000000180025095e-35 44.500000000000007
decision_type=2 2 2 2 2 2 2 2 2 2 2 2 2 2 2 2 2 2 2 2 2 2 2 2 2 2 2 2 2 2
left_child=1 2 4 5 7 9 12 11 10 13 17 -1 18 19 -6 20 -7 -4 29 -2 24 -13 23 -8 -5 -12 -23 -25 -29 -3
right_child=3 6 8 15 14 16 22 -9 -10 -11 25 21 -14 -15 -16 -17 -18 -19 -20 -21 -22 26 -24 27 -26 -27 -28 28 -30 -31
leaf_value=-0.047912619763332047 -0.007305077806048531 0.00068205884417042013 -0.021855676083469402 0.039887925563232521 -0.011494708920923679 0.039758296612491806 0.058268976727328836 -0.020127421408005719 0.025931821625798875 0.050683936340957553 0.0068420967399995015 -0.034351387082063443 0.043070735361314949 0.037654317152404526 0.037713417129832567 0.077742851514948308 0.069194581413353537 0.013734429783948683 0.028298441091372081 0.022562785568328664 0.070242631393582097 -0.027826332637914349 0.061511791993673098 0.020657184399624995 0.070334579572171707 0.042798085222647858 0.026544543954333533 0.037407640279854104 0.096907249157047015 -0.025686470235632666
leaf_weight=1023.5424191355705 142.97620870172977 155.7037525177002 310.22856691479683 97.458447635173798 125.74508559703827 130.8770065009594 40.239550158381462 205.73388661444187 94.69925120472908 57.195803344249725 93.486975818872452 36.247543320059776 40.99014288187027 49.967095106840134 21.735958680510521 203.70848178863525 78.606780767440796 36.2361771017313 50.496959865093231 52.447103261947632 114.13522250950336 10.248986437916757 57.968934774398804 74.989192381501198 30.23718698322773 18.481157302856445 17.248294249176979 31.745577350258827 6.2436342239379874 27.491221472620964
leaf_count=4096 572 623 1241 390 503 524 161 823 379 229 374 145 164 200 87 816 315 145 202 210 457 41 232 300 121 74 69 127 25 110
internal_value=2.37062e-07 -0.0183219 -0.0287294 0.0474411 -0.0380976 0.0303902 0.0243824 -0.0419591 -0.00433213 0.0162575 -0.0105838 -0.04609 0.00944549 0.00823332 -0.00424235 0.0670382 0.050804 -0.0181334 0.00354754 0.000710767 0.0580211 -0.0168248 0.0438102 0.0371129 0.0470974 0.0127769 0.00627904 0.0295777 0.0471866 -0.00327494
internal_weight=3437.11 2479.5 1993.63 957.609 1440.5 512.07 485.869 1293.02 553.132 302.586 458.433 1087.29 274.682 245.39 147.481 445.539 209.484 346.465 233.692 195.423 241.831 63.7448 211.187 153.218 127.696 111.968 27.4973 112.978 37.9892 183.195
internal_count=13755 9921 7977 3834 5764 2050 1944 5174 2213 1211 1834 4351 1099 982 590 1784 839 1386 935 782 968 255 845 613 511 448 110 452 152 733
is_linear=0
shrinkage=0.05


Tree=2
num_leaves=31
num_cat=0
split_feature=0 3 5 3 7 7 5 6 7 4 6 9 9 4 6 4 4 5 5 4 7 5 7 9 7 4 31 1 1 1
split_gain=1080.74 398.207 164.838 116.362 68.1591 53.6067 51.0146 42.297 37.8013 30.276 29.1935 23.8162 23.0999 19.687 19.6364 18.3232 16.2153 15.8065 15.5523 14.8505 14.2505 12.3657 11.8089 11.555 9.10928 7.22241 6.44592 6.17336 5.92033 5.91401
threshold=1.0000000180025095e-35 1.0000000180025095e-35 1.0000000180025095e-35 1.0000000180025095e-35 1.0000000180025095e-35 1.0000000180025095e-35 1.0000000180025095e-35 1.0000000180025095e-35 1.0000000180025095e-35 1.0000000180025095e-35 1.0000000180025095e-35 1.0000000180025095e-35 1.0000000180025095e-35 1.0000000180025095e-35 1.0000000180025095e-35 1.0000000180025095e-35 1.0000000180025095e-35 1.0000000180025095e-35 1.0000000180025095e-35 1.0000000180025095e-35 1.0000000180025095e-35 1.0000000180025095e-35 1.0000000180025095e-35 1.0000000180025095e-35 1.0000000180025095e-35 1.0000000180025095e-35 1.0000000180025095e-35 52.500000000000007 28.500000000000004 37.500000000000007
decision_type=2 2 2 2 2 2 2 2 2 2 2 2 2 2 2 2 2 2 2 2 2 2 2 2 2 2 2 2 2 2
left_child=1 2 4 5 7 9 13 12 10 14 11 -4 15 20 21 -1 -6 22 -7 -13 -3 -2 -5 27 -8 -12 -17 -9 -15 -23
right_child=3 6 8 17 16 18 24 23 -10 -11 25 19 -14 28 -16 26 -18 -19 -20 -21 -22 29 -24 -25 -26 -27 -28 -29 -30 -31
leaf_value=-0.049819633054632058 -0.0069395732732644988 -0.0031114888633617371 -0.025756496495791412 0.044805359144329315 -0.010920131407000142 0.0378322506160923 0.035285624860662564 -0.02977871922703007 0.024654622318677783 0.048258313207279933 0.0065006061367476557 -0.0044414519627124296 -0.031117590259865397 0.088025680814192028 0.035817280741773684 -0.033481213158062836 0.035875962144689272 0.074190122415677337 0.066014337727791444 0.051851542127887597 0.026892243263357159 -0.0060663917391987187 0.066965165115594069 -0.0014409991939913745 0.05857792442666452 0.040734163366694928 0.0050214443300777853 0.013018057893714439 0.033274855217014315 0.031705571606505244
leaf_weight=773.29784786701202 142.98119632899761 183.18074704706669 243.43416512012482 127.52095556259155 125.74327969551086 130.66801890730858 153.09910370409489 132.95130454003811 94.626539126038551 57.07010143995285 93.478332042694092 89.486643269658089 268.13929255306721 5.7426790297031394 49.90484906733036 24.983866512775421 21.707428783178329 202.81110334396362 78.281688317656517 13.480730742216108 50.48090885579586 14.223642468452452 113.74429108202457 63.748278692364693 57.831806659698486 18.447494506835938 19.242766931653023 8.9965436160564405 35.21362116932869 38.179250836372375
leaf_count=3100 572 733 974 511 503 524 613 532 379 229 374 358 1074 23 200 100 87 816 315 54 202 57 457 255 232 74 77 36 141 153
internal_value=8.10727e-07 -0.0174217 -0.0273194 0.0451774 -0.0362364 0.0289154 0.0231793 -0.0399137 -0.00411675 0.0154569 -0.0100569 -0.0172299 -0.0438526 0.00897542 0.00782521 -0.0480295 -0.00403089 0.0639014 0.0483905 0.00292856 0.0033706 0.000675492 0.0552526 -0.0191246 0.0416718 0.0121429 -0.0167289 -0.0270663 0.0409517 0.0214532
internal_weight=3432.7 2477.31 1991.76 955.385 1438.81 511.309 485.549 1291.36 552.954 302.359 458.327 346.402 1085.66 274.618 245.289 817.524 147.451 444.076 208.95 102.967 233.662 195.384 241.265 205.696 210.931 111.926 44.2266 141.948 40.9563 52.4029
internal_count=13755 9921 7977 3834 5764 2050 1944 5174 2213 1211 1834 1386 4351 1099 982 3277 590 1784 839 412 935 782 968 823 845 448 177 568 164 210
is_linear=0
shrinkage=0.05


Tree=3
num_leaves=31
num_cat=0
split_feature=0 3 5 3 7 7 5 6 7 4 6 9 9 4 6 4 5 4 5 4 7 5 7 9 7 2 2 4 6 4
split_gain=978.528 359.971 149.278 106.305 61.7797 48.7426 46.2048 38.4555 34.1451 27.4608 26.3616 21.5096 21.0496 17.8101 17.7626 16.6626 14.6657 14.6548 14.3005 13.4385 12.8702 11.1704 10.8818 10.4419 8.3351 8.86941 7.80664 6.54488 6.45769 6.78873
threshold=1.0000000180025095e-35 1.0000000180025095e-35 1.0000000180025095e-35 1.0000000180025095e-35 1.0000000180025095e-35 1.0000000180025095e-35 1.0000000180025095e-35 1.0000000180025095e-35 1.0000000180025095e-35 1.0000000180025095e-35 1.0000000180025095e-35 1.0000000180025095e-35 1.0000000180025095e-35 1.0000000180025095e-35 1.0000000180025095e-35 1.0000000180025095e-35 1.0000000180025095e-35 1.0000000180025095e-35 1.0000000180025095e-35 1.0000000180025095e-35 1.0000000180025095e-35 1.0000000180025095e-35 1.0000000180025095e-35 1.0000000180025095e-35 1.0000000180025095e-35 32.500000000000007 39.500000000000007 1.0000000180025095e-35 1.0000000180025095e-35 1.0000000180025095e-35
decision_type=2 2 2 2 2 2 2 2 2 2 2 2 2 2 2 2 2 2 2 2 2 2 2 2 2 2 2 2 2 2
left_child=1 2 4 5 7 9 13 12 10 14 11 -4 15 20 21 -1 22 -6 -7 -13 -3 -2 26 -9 25 -8 -5 -12 -27 -30
right_child=3 6 8 16 17 18 24 23 -10 -11 27 19 -14 -15 -16 -17 -18 -19 -20 -21 -22 -23 -24 -25 -26 28 -28 -29 29 -31
leaf_value=-0.047471835478625699 -0.0065925390480813936 -0.0029560776498135607 -0.024482899668042124 0.035773158122179655 -0.01037491754488265 0.036023711489902882 0.053751346849688186 -0.025731459596645342 0.023446913377683121 0.045999974368606922 0.0061762665543857306 -0.0042195147895611618 -0.029602623783444498 0.038974976129501612 0.034090713636271613 -0.015903662998221976 0.070988941117789944 0.034148878962822031 0.063111500027380876 0.049391791442366717 0.025565242606516478 0.020403997486956055 0.063980150307875558 -0.0013689581697099271 0.055878031424047292 0.01787487634185508 0.064922381163421805 0.03880004979412241 0.033849781679076311 0.091098819446997881
leaf_weight=771.02108597755432 142.98240551352501 183.17081658542156 243.2960180491209 97.14682799577713 125.73386925458908 130.37400403618813 40.123475462198257 141.84857560694218 94.528023436665535 56.882948637008667 93.468094378709793 89.483867630362511 267.77763485908508 40.884121552109718 49.812998995184898 44.196857824921608 201.39353084564209 21.666046366095543 77.800041362643242 13.44532799720764 50.446948140859604 52.34488932788372 113.11392119526863 63.747765719890594 57.600435376167297 74.930069506168365 30.082011669874191 18.399899274110794 31.676504909992218 6.1903309077024451
leaf_count=3100 572 733 974 390 503 524 161 568 379 229 374 358 1074 164 200 177 816 87 315 54 202 210 457 255 232 300 121 74 127 25
internal_value=1.58024e-06 -0.0165762 -0.025996 0.0430795 -0.0344942 0.0275322 0.0220454 -0.0380018 -0.00391315 0.0147015 -0.00955893 -0.0163769 -0.0417653 0.00853065 0.00743896 -0.0457604 0.0610364 -0.00383045 0.0461471 0.00278357 0.00320276 0.000642142 0.0526968 -0.0181776 0.0396675 0.0335615 0.0426652 0.0115422 0.0263796 0.0432086
internal_weight=3425.57 2473.64 1988.61 951.934 1435.99 510.197 485.023 1288.59 552.621 302.023 458.093 346.225 1083 274.502 245.14 815.218 441.736 147.4 208.174 102.929 233.618 195.327 240.343 205.596 210.521 152.92 127.229 111.868 112.797 37.8668
internal_count=13755 9921 7977 3834 5764 2050 1944 5174 2213 1211 1834 1386 4351 1099 982 3277 1784 590 839 412 935 782 968 823 845 613 511 448 452 152
is_linear=0
shrinkage=0.05


Tree=4
num_leaves=31
num_cat=0
split_feature=0 3 5 3 7 7 5 6 7 4 6 4 4 6 10 5 4 5 4 5 7 31 7 7 2 2 10 31 10 1
split_gain=886.892 325.594 135.336 97.5405 56.0761 44.4089 41.9338 35.0432 30.8497 24.943 23.8102 18.0946 16.1242 16.078 13.8507 13.7123 13.2495 13.2204 12.9734 10.0912 10.0857 8.70473 7.83241 7.64949 8.07259 7.15458 7.0913 6.93508 6.932 6.74221
threshold=1.0000000180025095e-35 1.0000000180025095e-35 1.0000000180025095e-35 1.0000000180025095e-35 1.0000000180025095e-35 1.0000000180025095e-35 1.0000000180025095e-35 1.0000000180025095e-35 1.0000000180025095e-35 1.0000000180025095e-35 1.0000000180025095e-35 1.0000000180025095e-35 1.0000000180025095e-35 1.0000000180025095e-35 1.0000000180025095e-35 1.0000000180025095e-35 1.0000000180025095e-35 1.0000000180025095e-35 1.0000000180025095e-35 1.0000000180025095e-35 1.0000000180025095e-35 1.0000000180025095e-35 1.0000000180025095e-35 1.0000000180025095e-35 32.500000000000007 39.500000000000007 1.0000000180025095e-35 1.0000000180025095e-35 1.0000000180025095e-35 37.500000000000007
decision_type=2 2 2 2 2 2 2 2 2 2 2 2 2 2 2 2 2 2 2 2 2 2 2 2 2 2 2 2 2 2
left_child=1 2 4 5 7 9 12 11 10 13 18 28 14 19 22 20 -6 -7 -4 -2 25 -13 27 24 -8 -5 -9 -3 -1 -23
right_child=3 6 8 15 16 17 23 26 -10 -11 -12 21 -14 -15 -16 -17 -18 -19 -20 -21 -22 29 -24 -25 -26 -27 -28 -29 -30 -31
leaf_value=-0.043228824932528671 -0.0062630008413942203 -0.021310566091201084 -0.018876288725592827 0.034069146293105528 -0.0098574480926403342 0.03432115108054639 0.051254205896829941 -0.022909619843033847 0.022303636428047238 0.043888906163296493 0.010972533993007492 -0.030071957565782032 0.03711514457708999 0.032464193934967349 0.018823128300178134 0.068082317860774455 0.032521749006496854 0.060444270658024518 0.012783487158607686 0.019407655455392251 0.061242882165931406 -0.024868967245275705 0.01900245927213293 0.053379417240746532 0.025100697380682005 0.062044468212740601 -0.001951273796040658 0.0031482693397214333 -0.031944616642898702 0.026343444185914212
leaf_weight=853.92585927248001 142.98036879301071 73.205206155776978 309.83423532545567 96.91137558221817 125.71798484027386 130.00857993960381 39.97796893119812 150.2770659327507 94.40786637365818 56.644085913896561 111.79714161157608 36.152431890368462 40.788548797369003 49.696232214570045 87.165527179837227 199.53828430175781 21.613855853676796 77.186844125390053 36.131248265504837 52.282144501805305 112.28187005221844 10.244463726878168 25.213592126965523 57.289554953575134 112.62535460293293 29.907777562737465 55.179694324731827 47.97404120862484 161.90375232696533 17.245610967278481
leaf_count=3444 572 293 1241 390 503 524 161 602 379 229 448 145 164 200 349 816 87 315 145 210 457 41 101 232 452 121 221 192 652 69
internal_value=2.58574e-06 -0.0157802 -0.0247501 0.0411266 -0.0328576 0.0262307 0.0209789 -0.0362077 -0.00372041 0.0139872 -0.00908755 -0.03981 0.00810912 0.00707277 0.00304352 0.0584051 -0.00364034 0.0440528 -0.0155699 0.000610397 0.0503292 -0.0139472 -0.00635201 0.0378007 0.0319522 0.0406666 -0.0172808 -0.0116275 -0.0414303 0.0072586
internal_weight=3416.11 2468.67 1984.43 947.438 1432.26 508.798 484.24 1284.93 552.17 301.603 457.763 1079.47 274.347 244.959 233.558 438.639 147.332 207.195 345.965 195.263 239.101 63.6425 146.393 209.893 152.603 126.819 205.457 121.179 1015.83 27.4901
internal_count=13755 9921 7977 3834 5764 2050 1944 5174 2213 1211 1834 4351 1099 982 935 1784 590 839 1386 782 968 255 586 845 613 511 823 485 4096 110
is_linear=0
shrinkage=0.05


Tree=5
num_leaves=31
num_cat=0
split_feature=3 7 5 7 4 5 6 4 4 4 5 6 10 10 4 1 10 2 5 10 2 1 6 2 1 1 8 19 2 2
split_gain=689.2 288.856 117.119 68.7263 54.6013 39.5401 38.3132 34.9929 30.3309 21.0368 20.5844 20.2101 17.7134 17.255 10.3336 10.2173 9.44497 11.2735 7.49839 7.21213 7.93284 6.21377 6.01872 11.5891 8.98514 8.6668 5.97534 5.81211 6.48213 5.54641
threshold=1.0000000180025095e-35 1.0000000180025095e-35 1.0000000180025095e-35 1.0000000180025095e-35 1.0000000180025095e-35 1.0000000180025095e-35 1.0000000180025095e-35 1.0000000180025095e-35 1.0000000180025095e-35 1.0000000180025095e-35 1.0000000180025095e-35 1.0000000180025095e-35 1.0000000180025095e-35 1.0000000180025095e-35 1.0000000180025095e-35 35.500000000000007 1.0000000180025095e-35 35.500000000000007 1.0000000180025095e-35 1.0000000180025095e-35 39.500000000000007 47.500000000000007 1.0000000180025095e-35 36.500000000000007 41.500000000000007 29.500000000000004 1.0000000180025095e-35 1.0000000180025095e-35 34.500000000000007 26.500000000000004
decision_type=2 2 2 2 2 2 2 2 2 2 2 2 2 2 2 2 2 2 2 2 2 2 2 2 2 2 2 2 2 2
left_child=1 2 4 5 6 9 12 11 10 13 16 -4 -1 22 18 27 17 21 -5 -8 -21 29 23 -2 25 -24 -12 28 -6 -3
right_child=3 8 7 14 15 -7 19 -9 -10 -11 26 -13 -14 -15 -16 -17 -18 -19 -20 20 -22 -23 24 -25 -26 -27 -28 -29 -30 -31
leaf_value=-0.038229439647014557 -0.013519991165626064 0.013087112888031644 -0.012691799235333602 0.04160949653476434 0.029285976108484702 0.041917150915973887 -0.018073294403711554 0.029508585398433197 0.048260997297348646 0.042713617025959057 0.021898084043478951 0.011739031024571035 -0.021966470908098782 0.025986302542544106 0.069382121149209247 0.012728240344132294 0.021537032389095784 0.022950181425162638 0.059350861113826592 0.011575262806864802 -0.033585313267387652 0.028778795182356012 -0.020234606069082329 0.019405112460059732 -0.028882588424710018 0.043924667998420458 0.043241995407717219 -0.042341642954853494 -0.028285403557684032 -0.017581726092650716
leaf_weight=951.45018446445465 99.491958528757095 17.907149702310562 361.82582738995552 130.46819680929184 9.1997277289629 247.23558908700943 155.7456633746624 76.342755019664764 92.207483395934105 59.108866199851036 71.153027683496475 110.50420270860195 203.19065847992897 104.25189791619778 92.448351845145226 85.22182822227478 73.321369856595993 38.550934717059135 109.57832044363022 47.606658056378365 12.220207095146177 10.201690420508383 6.7299880683422115 36.542311117053032 8.2179499417543393 24.156584993004799 60.82005575299263 15.400391623377798 10.435105904936789 83.405088797211647
leaf_count=3849 399 72 1451 531 37 1005 625 308 374 239 289 443 819 419 380 343 295 155 451 191 49 41 27 147 33 97 247 62 42 335
internal_value=3.68924e-06 -0.0136658 -0.0216494 0.0370227 -0.0289198 0.0267165 -0.0317549 -0.00189957 0.0227084 0.0156142 0.0160781 -0.00697607 -0.0353675 0.00988091 0.0551784 0.00338365 0.0068286 -0.000357907 0.0497082 -0.0124051 0.00235078 -0.00841563 0.000294126 -0.00467546 0.017582 0.0299448 0.0317345 -0.0193467 -0.00131084 -0.0121609
internal_weight=3404.94 2486.71 2039.14 918.23 1490.47 585.735 1370.21 548.673 447.567 338.5 355.359 472.33 1154.64 279.391 332.495 120.257 223.386 150.065 240.047 215.573 59.8269 111.514 175.139 136.034 39.1045 30.8866 131.973 35.0352 19.6348 101.312
internal_count=13755 10027 8219 3728 6017 2366 5533 2202 1808 1361 1434 1894 4668 1122 1362 484 898 603 982 865 240 448 703 546 157 124 536 141 79 407
is_linear=0
shrinkage=0.05


Tree=6
num_leaves=31
num_cat=0
split_feature=0 5 6 5 4 6 4 10 9 10 4 9 9 4 6 10 4 4 8 1 2 4 6 9 12 2 8 1 31 1
split_gain=767.395 198.703 71.9367 57.2459 36.0859 34.7981 31.2949 28.341 25.951 22.0613 19.2359 20.4073 16.041 14.9373 10.5019 7.98534 7.93912 7.35031 7.03702 12.5246 6.55202 6.43171 6.36711 6.22677 6.48923 6.09859 7.11572 5.93721 5.89227 8.28295
threshold=1.0000000180025095e-35 1.0000000180025095e-35 1.0000000180025095e-35 1.0000000180025095e-35 1.0000000180025095e-35 1.0000000180025095e-35 1.0000000180025095e-35 1.0000000180025095e-35 1.0000000180025095e-35 1.0000000180025095e-35 1.0000000180025095e-35 1.0000000180025095e-35 1.0000000180025095e-35 1.0000000180025095e-35 1.0000000180025095e-35 1.0000000180025095e-35 1.0000000180025095e-35 1.0000000180025095e-35 1.0000000180025095e-35 33.500000000000007 29.500000000000004 1.0000000180025095e-35 1.0000000180025095e-35 1.0000000180025095e-35 1.0000000180025095e-35 39.500000000000007 1.0000000180025095e-35 39.500000000000007 1.0000000180025095e-35 34.500000000000007
decision_type=2 2 2 2 2 2 2 2 2 2 2 2 2 2 2 2 2 2 2 2 2 2 2 2 2 2 2 2 2 2
left_child=1 2 4 6 7 8 9 12 21 14 11 -4 -1 15 25 -10 22 -7 20 -20 -9 27 -5 -22 -25 26 28 -3 -2 -30
right_child=3 5 10 16 -6 17 -8 18 13 -11 -12 -13 -14 -15 -16 -17 -18 -19 19 -21 23 -23 -24 24 -26 -27 -28 -29 29 -31
leaf_value=-0.03872989640982076 0.0056613900343568235 -0.0062648639375215134 -0.017133389533117348 0.04391175199599482 -0.00085881036626349436 0.019492401178697254 0.050607381871727412 -0.0020829835149897913 0.00081223164804327416 0.036680618179336343 0.027726471281931737 0.011707479970345042 -0.024213074649958539 0.047199621790693189 0.032670980976457722 0.025154235485350913 0.065550986165101258 0.044004370618769939 -0.038349237390923704 0.0026244522060058094 -0.038116125349299868 0.010320977527238815 0.060841929730655345 -0.023908115069180523 0.026445000100675638 0.024185391414085315 0.016981797990988211 -0.021894066446170157 -0.053802808880949418 -0.0041702121418566952
leaf_weight=773.69487699866295 62.763743788003922 240.39360620081425 190.65732514858246 174.94050455093384 103.75940746068954 174.76386047899723 126.82982893288136 27.762588873505592 101.47860063612461 169.88862729072571 43.918905019760132 90.425105050206184 252.36705011129379 30.571481794118881 58.414268299937248 50.436936348676682 106.07804900407791 37.071090489625931 24.0498958081007 83.076870203018188 70.068998858332634 43.251159220933914 81.362029835581779 29.052637383341789 8.2057626247405988 49.968095913529396 67.199683099985123 81.319429636001587 11.925584852695463 28.482795625925064
leaf_count=3145 253 967 765 721 418 704 519 112 408 690 177 362 1019 124 237 203 441 151 97 335 283 174 337 117 33 202 271 327 48 115
internal_value=4.49915e-06 -0.014686 -0.0241983 0.0384803 -0.0292086 0.00657446 0.0286776 -0.0315279 -8.3958e-05 0.0224782 -0.00304688 -0.00785519 -0.0351594 0.0153112 0.0138224 0.00889393 0.0540473 0.023782 -0.0161444 -0.00657412 -0.0237337 -0.00778173 0.0492862 -0.0293341 -0.0128184 0.00882541 0.0043205 -0.0102155 -0.00392625 -0.0188181
internal_weight=3394.18 2456.33 1697.04 937.853 1372.04 759.286 575.473 1268.28 547.451 448.643 325.001 281.082 1026.06 182.487 278.754 151.916 362.381 211.835 242.217 107.127 135.09 364.964 256.303 107.327 37.2584 220.34 170.372 321.713 103.172 40.4084
internal_count=13755 9921 6863 3834 5559 3058 2335 5141 2203 1816 1304 1127 4164 735 1126 611 1499 855 977 432 545 1468 1058 433 150 889 687 1294 416 163
is_linear=0
shrinkage=0.05


Tree=7
num_leaves=31
num_cat=0
split_feature=0 5 7 5 6 7 7 6 9 4 9 4 10 4 4 7 9 9 4 1 10 10 31 10 6 8 10 1 2 2
split_gain=696.375 179.981 78.1715 53.1646 44.1241 41.9676 35.0527 27.7033 25.1569 23.0832 19.381 18.3672 14.1649 12.3976 11.4309 11.3154 9.87562 9.75181 9.71692 8.2455 8.06155 7.80662 7.75446 7.6905 7.47951 10.3329 6.36834 6.69268 6.84 6.63467
threshold=1.0000000180025095e-35 1.0000000180025095e-35 1.0000000180025095e-35 1.0000000180025095e-35 1.0000000180025095e-35 1.0000000180025095e-35 1.0000000180025095e-35 1.0000000180025095e-35 1.0000000180025095e-35 1.0000000180025095e-35 1.0000000180025095e-35 1.0000000180025095e-35 1.0000000180025095e-35 1.0000000180025095e-35 1.0000000180025095e-35 1.0000000180025095e-35 1.0000000180025095e-35 1.0000000180025095e-35 1.0000000180025095e-35 28.500000000000004 1.0000000180025095e-35 1.0000000180025095e-35 1.0000000180025095e-35 1.0000000180025095e-35 1.0000000180025095e-35 1.0000000180025095e-35 1.0000000180025095e-35 37.500000000000007 40.500000000000007 33.500000000000007
decision_type=2 2 2 2 2 2 2 2 2 2 2 2 2 2 2 2 2 2 2 2 2 2 2 2 2 2 2 2 2 2
left_child=1 2 4 6 9 7 11 8 -3 10 20 12 16 23 26 -5 -2 21 -9 -18 -1 -6 -11 -4 25 -8 -10 -28 29 -29
right_child=3 5 13 15 17 -7 24 18 14 22 -12 -13 -14 -15 -16 -17 19 -19 -20 -21 -22 -23 -24 -25 -26 -27 27 28 -30 -31
leaf_value=-0.038907186938626367 -0.0045555865881061613 -0.01418207923577172 -0.0075535634915890951 0.043225506693871402 -0.022222878187788342 0.029923118419348776 0.024900075414598169 0.012526196000763387 -0.0027395959945688657 -0.018450553197981792 -0.0217948939320027 0.041038806443332729 0.026604308010596045 0.033748401356254225 0.044605949829582915 0.060992460909846974 -0.032812265298018943 0.0051196829131040121 0.045085105727782328 0.029994803093573427 -0.025539787955915549 0.00050061036608334069 0.012660413310737804 0.01420795875084005 0.055865916194841318 0.049672791183377009 0.054554950667942054 0.039471035215973969 0.05265572930242593 -0.022724906400204369
leaf_weight=712.23318134248257 126.88725483417511 303.26451642811298 112.27474920451641 183.79661244153976 124.13288569450378 150.18551622331142 91.126119822263718 135.73713982105255 80.807323634624481 48.479238122701645 289.08419717848301 63.865101993083954 96.524135187268257 32.918946102261543 21.8383828997612 174.88763137161732 5.9736874848604193 86.906787529587746 27.569893375039101 41.730769455432892 134.01020926237106 54.343421474099159 34.130171433091164 63.595465883612633 69.069755047559738 78.230468392372131 11.168736740946768 5.97054290771485 6.7334202527999869 15.213645175099371
leaf_count=2914 510 1218 450 760 499 611 374 546 324 195 1170 262 390 134 89 739 24 348 113 168 543 218 137 255 285 322 45 24 27 61
internal_value=5.34871e-06 -0.0139858 -0.0230579 0.0367901 -0.0270899 0.00625309 0.0273456 0.000409139 -0.00605484 -0.0311153 -0.0329721 0.0169161 0.0112336 0.00558673 0.0113351 0.0518883 0.00273581 -0.00861566 0.0180229 0.0221299 -0.0367903 -0.0153039 -0.00559702 0.000315501 0.0419988 0.0363433 0.00527483 0.0218439 0.00875748 -0.00519563
internal_weight=3382.69 2450.6 1692.11 932.092 1483.32 758.489 573.407 608.304 444.997 1217.94 1135.33 334.981 271.116 208.789 141.732 358.684 174.592 265.383 163.307 47.7045 846.243 178.476 82.6094 175.87 238.426 169.357 119.894 39.0863 27.9176 21.1842
internal_count=13755 9921 6863 3834 6024 3058 2335 2447 1788 4959 4627 1354 1092 839 570 1499 702 1065 659 192 3457 717 332 705 981 696 481 157 112 85
is_linear=0
shrinkage=0.05


Tree=8
num_leaves=31
num_cat=0
split_feature=0 3 5 3 6 5 4 4 5 9 6 4 9 4 4 9 5 10 9 8 2 10 8 2 10 4 4 10 12 31
split_gain=632.431 248.335 88.3711 78.695 37.6818 28.6667 28.1558 19.2653 19.1582 18.4471 16.7492 11.999 11.6465 11.441 11.0452 10.4802 10.1429 9.61478 8.34844 6.91227 6.76332 6.75799 6.94336 6.57874 6.47139 6.38622 6.32337 6.2993 6.29766 6.01045
threshold=1.0000000180025095e-35 1.0000000180025095e-35 1.0000000180025095e-35 1.0000000180025095e-35 1.0000000180025095e-35 1.0000000180025095e-35 1.0000000180025095e-35 1.0000000180025095e-35 1.0000000180025095e-35 1.0000000180025095e-35 1.0000000180025095e-35 1.0000000180025095e-35 1.0000000180025095e-35 1.0000000180025095e-35 1.0000000180025095e-35 1.0000000180025095e-35 1.0000000180025095e-35 1.0000000180025095e-35 1.0000000180025095e-35 1.0000000180025095e-35 32.500000000000007 1.0000000180025095e-35 1.0000000180025095e-35 51.500000000000007 1.0000000180025095e-35 1.0000000180025095e-35 1.0000000180025095e-35 1.0000000180025095e-35 1.0000000180025095e-35 1.0000000180025095e-35
decision_type=2 2 2 2 2 2 2 2 2 2 2 2 2 2 2 2 2 2 2 2 2 2 2 2 2 2 2 2 2 2
left_child=1 2 4 6 9 14 8 10 15 11 18 19 13 -6 17 21 25 29 23 -1 -7 22 -2 -4 -14 -5 -22 -21 -9 -3
right_child=3 5 7 16 12 20 -8 28 -10 -11 -12 -13 24 -15 -16 -17 -18 -19 -20 27 26 -23 -24 -25 -26 -27 -28 -29 -30 -31
leaf_value=-0.040304382123900175 -0.013322447424609538 -0.011906265697791288 -0.020039151888803661 0.039238655851331641 -0.022066270240406045 0.048328290355783649 0.044448690659297463 0.010238935670334022 0.032087083647445995 -0.02085728009803358 0.0087618865180877983 -0.011886306255722174 -0.0042776092777127217 0.019759566688376633 0.032399012897278784 0.023112865213240744 0.059620389977459144 0.017221212756848275 -0.001494124206674854 -0.03413711664435562 0.022760122896062673 0.01613781352051882 0.010299841881741973 0.014190922096919249 0.026221296961812926 0.058201080264394939 0.048702125290676315 -0.015430298327285416 0.042610568185622963 0.0088870604274115701
leaf_weight=509.2785287797451 82.71931254863739 88.871561482548714 239.66411873698235 174.07276226580143 147.90315753221512 52.949727803468704 107.70817881822586 49.044139340519905 121.72281721234322 299.25928102433681 115.74283210933208 51.68853035569191 51.688855811953545 18.381881982088089 40.366809830069542 82.378843382000923 190.46785736083984 87.046793222427368 108.93357045948505 253.85349051654339 125.42386437952518 57.083463191986084 49.856798216700554 14.910013213753698 26.213272780179977 59.605064392089844 28.903015151619911 54.698853880167007 21.659215107560158 57.071640133857727
leaf_count=2094 333 357 964 718 595 217 448 199 504 1214 465 208 207 74 164 333 816 349 437 1045 509 231 201 60 105 250 119 222 88 229
internal_value=6.35577e-06 -0.0133264 -0.0212138 0.0352038 -0.0278325 0.018886 0.0217958 -0.00420879 0.0155994 -0.0315647 -0.00780325 -0.0352498 -0.00996863 -0.0174427 0.00825283 0.00822203 0.0510561 0.00406937 -0.0130777 -0.0367264 0.032909 0.00175417 -0.00443901 -0.0180343 0.00598496 0.0440755 0.0276187 -0.0308209 0.0201556 -0.00377496
internal_weight=3369.17 2443.55 1962.92 925.615 1412.97 480.633 501.469 549.954 393.761 1168.78 479.251 869.519 244.187 166.285 273.357 272.038 424.146 232.99 363.508 817.831 207.277 189.66 132.576 254.574 77.9021 233.678 154.327 308.552 70.7034 145.943
internal_count=13755 9921 7977 3834 5764 1944 2050 2213 1602 4783 1926 3569 981 669 1099 1098 1784 935 1461 3361 845 765 534 1024 312 968 628 1267 287 586
is_linear=0
shrinkage=0.05


Tree=9
num_leaves=31
num_cat=0
split_feature=0 5 7 7 7 6 5 6 9 9 5 6 10 6 10 9 1 6 8 10 9 2 9 19 1 10 1 1 2 2
split_gain=574.654 147.88 68.9075 48.1745 37.1997 36.8104 28.16 23.1747 21.3208 19.0011 13.0695 12.7593 9.85679 8.83275 8.35226 8.00204 6.8542 6.82642 9.23522 6.69308 6.40763 5.73717 5.68565 5.67739 5.16681 11.4711 6.26891 5.05794 5.00736 4.81017
threshold=1.0000000180025095e-35 1.0000000180025095e-35 1.0000000180025095e-35 1.0000000180025095e-35 1.0000000180025095e-35 1.0000000180025095e-35 1.0000000180025095e-35 1.0000000180025095e-35 1.0000000180025095e-35 1.0000000180025095e-35 1.0000000180025095e-35 1.0000000180025095e-35 1.0000000180025095e-35 1.0000000180025095e-35 1.0000000180025095e-35 1.0000000180025095e-35 53.500000000000007 1.0000000180025095e-35 1.0000000180025095e-35 1.0000000180025095e-35 1.0000000180025095e-35 42.500000000000007 1.0000000180025095e-35 1.0000000180025095e-35 38.500000000000007 1.0000000180025095e-35 28.500000000000004 24.500000000000004 35.500000000000007 43.500000000000007
decision_type=2 2 2 2 2 2 2 2 2 2 2 2 2 2 2 2 2 2 2 2 2 2 2 2 2 2 2 2 2 2
left_child=1 2 5 6 7 9 11 8 -3 14 17 12 16 28 -1 19 20 18 -5 27 -2 -21 -15 -11 26 -26 -6 -7 -4 -25
right_child=3 4 13 10 24 15 -8 -9 -10 23 -12 -13 -14 22 -16 -17 -18 -19 -20 21 -22 -23 -24 29 25 -27 -28 -29 -30 -31
leaf_value=-0.034390985629839659 -0.0010681518439247578 -0.013237973441572896 -0.005719494442272423 0.022687752041248774 0.0023668876353389458 -0.059662007260378513 0.039439993098581323 0.016312007796271302 0.010285122710665296 -0.012867934905215386 0.057158495403534973 0.032364044804090074 0.023317409318564353 0.010984200215370617 -0.021455644449872687 0.0045427790214471178 -0.037438427530552258 0.052337904534156023 0.046256838173746123 0.0076502819266972269 0.021715335211280974 -0.03717600825440686 0.043514447922679139 -0.022579513492213297 -0.012183377994369244 0.041482261604704924 0.038251094275943039 -0.017787215250835056 0.015682055304788108 -0.051589165614267685
leaf_weight=741.19958110153675 116.3070389777422 302.65423138439655 113.03148190677166 90.303839653730392 13.954515203833578 7.688980057835578 180.49240127205849 162.61676064133644 141.30138079822063 200.85898055136204 169.97969964146614 79.706696435809135 84.915054827928543 38.706722930073738 150.05672410130501 86.874501585960388 10.134349554777144 67.849558189511299 77.003487586975098 45.832292050123215 42.005529195070267 8.454661697149275 20.570635572075844 97.923208653926849 21.502573072910309 18.545803532004356 95.225926250219345 116.05494482815266 36.047522202134132 16.730902343988419
leaf_count=3066 470 1218 455 374 57 31 760 659 570 816 739 327 346 156 611 348 41 285 322 184 170 34 83 398 88 76 390 468 145 68
internal_value=7.36006e-06 -0.0127019 -0.0209651 0.0337046 0.00566584 -0.0247752 0.0235352 0.000163837 -0.00575109 -0.0284802 0.0465957 0.0149163 0.00942729 0.00594702 -0.0322131 -0.0078974 0.00242519 0.0389605 0.0335355 -0.0139679 0.00497706 0.000669026 0.022273 -0.0179353 0.0280299 0.0126684 0.0336647 -0.0203892 -0.000544568 -0.0268127
internal_weight=3354.53 2435.83 1680.03 918.698 755.801 1471.67 513.561 606.572 443.956 1206.77 405.137 333.069 253.362 208.356 891.256 264.905 168.447 235.157 167.307 178.031 158.313 54.287 59.2774 315.513 149.229 40.0484 109.18 123.744 149.079 114.654
internal_count=13755 9921 6863 3834 3058 6024 2114 2447 1788 4959 1720 1354 1027 839 3677 1065 681 981 696 717 640 218 239 1282 611 164 447 499 600 466
is_linear=0
shrinkage=0.05


Tree=10
num_leaves=31
num_cat=0
split_feature=0 3 3 7 6 7 9 4 7 4 6 4 4 4 7 10 31 1 6 2 4 2 1 14 10 10 6 9 1 1
split_gain=522.193 218.982 72.7814 65.247 39.5193 29.7919 28.564 16.2951 15.6232 11.5135 11.4888 10.813 9.56066 9.33934 8.65598 7.97959 11.5014 7.60411 7.54699 7.43805 7.38636 7.29358 7.16157 7.1286 7.02663 6.43433 6.28278 6.23001 7.87908 6.03854
threshold=1.0000000180025095e-35 1.0000000180025095e-35 1.0000000180025095e-35 1.0000000180025095e-35 1.0000000180025095e-35 1.0000000180025095e-35 1.0000000180025095e-35 1.0000000180025095e-35 1.0000000180025095e-35 1.0000000180025095e-35 1.0000000180025095e-35 1.0000000180025095e-35 1.0000000180025095e-35 1.0000000180025095e-35 1.0000000180025095e-35 1.0000000180025095e-35 1.0000000180025095e-35 28.500000000000004 1.0000000180025095e-35 39.500000000000007 1.0000000180025095e-35 48.500000000000007 27.500000000000004 1.0000000180025095e-35 1.0000000180025095e-35 1.0000000180025095e-35 1.0000000180025095e-35 1.0000000180025095e-35 49.500000000000007 34.500000000000007
decision_type=2 2 2 2 2 2 2 2 2 2 2 2 2 2 2 2 2 2 2 2 2 2 2 2 2 2 2 2 2 2
left_child=1 3 5 4 6 7 11 10 9 15 22 -1 18 25 19 16 26 -11 -5 -4 27 -18 -2 -20 -7 -8 -3 28 -6 -15
right_child=2 8 14 12 20 24 13 -9 -10 17 -12 -13 -14 29 -16 -17 21 -19 23 -21 -22 -23 -24 -25 -26 -27 -28 -29 -30 -31
leaf_value=-0.032201396736711255 -0.031779528124362903 -0.013751823315852792 0.035692435546502525 -0.0052555850423565212 -0.018413958040804906 0.026128978197869263 -0.020937330685369716 0.034016087640466076 0.034095831989063921 0.079065421713043399 0.025486076082301426 -0.011390647555184112 0.027910720508830686 -0.018475880123669526 0.055174015182490037 0.019751143993311484 0.01371441226678408 0.026372048427394747 0.026646086380801015 0.058016388456680112 0.013039759712383692 0.072445458397752863 0.001407402554375572 -0.016586828798178722 0.045085810307388126 -0.0045703135703347945 0.012848659219747434 0.0010750667300048128 0.016263973790980973 0.026774905095358993
leaf_weight=962.08148996531963 17.90777213871479 86.039707362651825 165.53786703944206 148.5446073114872 169.36433681845665 112.96569815278053 254.52023711800575 54.645220518112183 116.8180216550827 7.9741553515195838 48.794725060462952 66.748630285263062 37.907739326357841 11.313354119658468 201.23753595352173 113.40516877174377 70.434363901615143 48.420897677540779 41.171867460012436 48.170469239354134 40.168015465140343 5.715150758624076 176.24265170097351 12.40853728353977 86.17075090110302 78.59056767821312 29.916245430707932 87.857032388448715 18.133589625358582 21.165534451603889
leaf_count=3983 72 347 698 598 683 473 1036 229 481 33 200 268 155 46 881 457 284 198 166 205 163 23 710 50 366 318 121 352 73 86
internal_value=8.30823e-06 -0.0121038 0.0322751 -0.0195428 -0.0229696 0.019363 -0.0265854 0.00934622 0.0181974 0.0130656 0.00379728 -0.0308512 0.00486848 -0.0145805 0.047732 0.00923393 0.00302534 0.0338228 0.000546998 0.0407243 -0.00699001 0.0181223 -0.00165365 0.0166339 0.034332 -0.0170759 -0.00688899 -0.0099119 -0.0150601 0.0110127
internal_weight=3340.37 2428.7 911.673 1949.98 1709.94 496.727 1394.42 297.59 478.724 361.906 242.945 1028.83 240.033 365.59 414.946 305.511 192.105 56.3951 202.125 213.708 315.523 76.1495 194.15 53.5804 199.136 333.111 115.956 275.355 187.498 32.4789
internal_count=13755 9921 3834 7977 7008 2050 5737 1211 1944 1463 982 4251 969 1486 1784 1232 775 231 814 903 1271 307 782 216 839 1354 468 1108 756 132
is_linear=0
shrinkage=0.05


Tree=11
num_leaves=31
num_cat=0
split_feature=7 5 4 10 4 4 9 5 6 10 9 6 2 6 6 31 12 6 1 10 9 1 19 6 31 1 9 1 2 1
split_gain=330.934 136.517 64.0905 46.7431 33.5644 30.6292 23.4076 22.2635 17.34 11.1337 10.8831 9.81564 9.28045 8.89023 7.65167 6.97794 7.41746 9.7799 9.36566 6.91459 6.21636 5.85655 5.57712 5.26191 7.13802 6.77305 5.16953 6.27256 5.47484 4.90048
threshold=1.0000000180025095e-35 1.0000000180025095e-35 1.0000000180025095e-35 1.0000000180025095e-35 1.0000000180025095e-35 1.0000000180025095e-35 1.0000000180025095e-35 1.0000000180025095e-35 1.0000000180025095e-35 1.0000000180025095e-35 1.0000000180025095e-35 1.0000000180025095e-35 35.500000000000007 1.0000000180025095e-35 1.0000000180025095e-35 1.0000000180025095e-35 1.0000000180025095e-35 1.0000000180025095e-35 33.500000000000007 1.0000000180025095e-35 1.0000000180025095e-35 63.500000000000007 1.0000000180025095e-35 1.0000000180025095e-35 1.0000000180025095e-35 41.500000000000007 1.0000000180025095e-35 41.500000000000007 32.500000000000007 38.500000000000007
decision_type=2 2 2 2 2 2 2 2 2 2 2 2 2 2 2 2 2 2 2 2 2 2 2 2 2 2 2 2 2 2
left_child=1 2 3 6 7 8 11 9 10 12 21 -1 -2 22 -5 16 18 -18 -4 -12 -7 -3 -8 -9 25 -25 27 -11 -28 -15
right_child=4 5 15 14 -6 20 13 23 -10 26 19 -13 -14 29 -16 -17 17 -19 -20 -21 -22 -23 -24 24 -26 -27 28 -29 -30 -31
leaf_value=-0.029936814100868611 0.0020010284518928944 -0.0043579398395116372 -0.037564294303890029 -0.0078915864942880141 0.048438870603735584 0.02224986324517143 -0.010736613646963602 0.030049073423984097 0.018218277862098585 0.025532503403192065 0.0024966968478081497 -0.015354677980490825 0.025552649582323644 0.014062090175349574 0.0084220731863643688 0.025234375578515558 0.0096855432890821536 0.074857315456962559 0.0052618038832689153 0.02442906380747591 0.044860749967570897 -0.050161424254425782 -0.026099848028232904 0.04478072061644961 0.064459118309534422 0.0010262757413686014 0.011910999556227741 -0.0098950664245507341 0.048349100280006406 -0.018949637911185285
leaf_weight=798.26494814455509 156.22572061419487 324.86331260204315 16.116758361458778 263.87729960680008 174.16537448763847 74.107232466340065 169.47602614760399 152.62157103419304 172.03132754564285 64.800881877541542 95.160281985998154 134.90572369098663 57.121906161308289 43.274579763412476 98.785948604345322 66.748355776071548 24.602747350931168 7.5147219002246848 61.407312303781509 57.742454513907433 51.537817731499672 7.1320790052413932 90.679546773433685 34.559546619653702 31.354759097099304 11.886742547154425 13.974120080471037 15.478339567780493 39.29969547688961 15.187359377741812
leaf_count=3332 639 1324 66 1078 754 309 692 651 705 269 385 547 235 174 400 273 101 31 252 237 218 29 371 150 135 51 58 64 164 61
internal_value=9.37892e-06 -0.0085149 -0.0161277 -0.0192542 0.0292001 0.00890612 -0.0238335 0.0233962 0.0045801 0.0153939 -0.000258424 -0.0278287 0.00830676 -0.0121324 -0.0034479 0.0124887 0.00472924 0.0249342 -0.00364147 0.0107793 0.0315245 -0.00534191 -0.0160916 0.0354437 0.0460264 0.0335829 0.0267154 0.0187018 0.0387911 0.00548624
internal_weight=3324.9 2573.42 1790.84 1614.45 751.489 782.575 1251.79 577.323 656.929 346.901 484.898 933.171 213.348 318.618 362.663 176.39 109.642 32.1175 77.5241 152.903 125.645 331.995 260.156 230.423 77.801 46.4463 133.553 80.2792 53.2738 58.4619
internal_count=13755 10585 7378 6655 3170 3207 5177 2416 2680 1429 1975 3879 874 1298 1478 723 450 132 318 622 527 1353 1063 987 336 201 555 333 222 235
is_linear=0
shrinkage=0.05


Tree=12
num_leaves=31
num_cat=0
split_feature=0 3 3 5 7 7 5 9 7 4 4 4 6 5 5 4 6 6 10 6 8 1 14 9 7 9 1 1 31 1
split_gain=458.315 191.651 66.1314 62.4296 27.2161 23.8572 21.3703 18.1138 15.0685 13.5032 11.2848 10.2478 9.64078 9.16487 8.67048 8.15732 7.10932 6.94542 6.56895 6.51216 6.48668 6.44559 6.40706 6.22381 6.01337 5.42118 7.46199 8.54128 5.38311 5.23251
threshold=1.0000000180025095e-35 1.0000000180025095e-35 1.0000000180025095e-35 1.0000000180025095e-35 1.0000000180025095e-35 1.0000000180025095e-35 1.0000000180025095e-35 1.0000000180025095e-35 1.0000000180025095e-35 1.0000000180025095e-35 1.0000000180025095e-35 1.0000000180025095e-35 1.0000000180025095e-35 1.0000000180025095e-35 1.0000000180025095e-35 1.0000000180025095e-35 1.0000000180025095e-35 1.0000000180025095e-35 1.0000000180025095e-35 1.0000000180025095e-35 1.0000000180025095e-35 27.500000000000004 1.0000000180025095e-35 1.0000000180025095e-35 1.0000000180025095e-35 1.0000000180025095e-35 40.500000000000007 57.500000000000007 1.0000000180025095e-35 44.500000000000007
decision_type=2 2 2 2 2 2 2 2 2 2 2 2 2 2 2 2 2 2 2 2 2 2 2 2 2 2 2 2 2 2
left_child=1 3 5 4 7 9 15 11 10 12 16 20 21 -7 24 18 23 -6 29 -9 -1 28 -19 -5 -4 26 -23 -28 -2 -3
right_child=2 6 14 8 17 13 -8 19 -10 -11 -12 -13 -14 -15 -16 -17 -18 22 -20 -21 -22 25 -24 -25 -26 -27 27 -29 -30 -31
leaf_value=-0.034754992971257608 0.0039712567558831584 0.0019202525912428486 0.031393590588696556 -0.018866471155562819 -0.010149089024629764 0.02356159320575113 0.029295385477217568 -0.019722109035431788 0.014340591166730794 0.031813372671841575 0.013793425682708927 -0.0095636793936785276 0.024095655878427845 0.04607656215399733 0.053569915641195953 0.028788046831637205 0.0014528087651278882 0.025663477098136475 0.015189274795737284 -0.0018981964482581897 -0.025824984273904495 -0.010980211229844179 -0.022118643980422299 -0.0032028044363393081 0.04773035280810875 0.015908352895036167 0.026828518722882572 -0.04262406137418031 -0.051942797209075069 -0.02406726834186966
leaf_weight=530.16338796913624 7.2096807658672342 122.31366047263145 122.95130124688148 218.33337673544884 107.33551536500454 125.38039772212505 204.22032460570335 261.83333748579025 92.746815234422684 53.991411358118057 53.503896176815033 57.705570876598358 48.537085518240929 70.67681197822094 180.15284304320812 39.86500558257103 93.092868477106094 29.935380846261978 86.791994228959084 63.716473385691643 329.89642538130283 91.099244177341461 9.1631244719028455 89.378629416227341 103.95239913463593 50.56418551504612 29.275016188621521 5.2153978943824759 10.682866275310516 23.014081880450249
leaf_count=2231 29 493 511 883 432 524 845 1074 379 229 219 232 200 315 816 164 374 121 349 255 1382 367 37 358 457 204 118 21 43 93
internal_value=9.88639e-06 -0.0113462 0.0304674 -0.0183333 -0.0239654 0.018145 0.0170717 -0.0263667 -0.00402546 0.00919877 -0.00777488 -0.0299611 0.00416547 0.031678 0.0453803 0.00789357 -0.0106541 -0.00357695 0.00430508 -0.0162336 -0.0313297 -0.000819694 0.0144653 -0.0143168 0.038878 0.00208459 -0.00348106 0.0163264 -0.0294126 -0.00219513
internal_weight=3312.7 2413.01 899.689 1936.8 1389.75 492.632 476.205 1243.32 547.056 296.575 454.309 917.765 242.583 196.057 407.057 271.985 400.805 146.434 232.12 325.55 860.06 194.046 39.0985 307.712 226.904 176.154 125.59 34.4904 17.8925 145.328
internal_count=13755 9921 3834 7977 5764 2050 1944 5174 2213 1211 1834 3845 982 839 1784 1099 1615 590 935 1329 3613 782 158 1241 968 710 506 139 72 586
is_linear=0
shrinkage=0.05


Tree=13
num_leaves=31
num_cat=0
split_feature=0 3 3 6 4 4 9 6 10 4 1 8 1 10 9 8 10 4 1 1 1 2 9 10 1 1 14 2 2 31
split_gain=416.992 173.658 61.5606 44.3127 24.7495 20.6326 18.0364 11.3236 10.8529 10.5213 8.18016 7.55644 7.51566 7.27163 7.19278 6.67083 6.40027 6.12253 6.10585 6.0399 5.70927 5.6294 7.40745 5.45081 8.14881 5.30601 5.25979 5.18122 5.11972 5.06742
threshold=1.0000000180025095e-35 1.0000000180025095e-35 1.0000000180025095e-35 1.0000000180025095e-35 1.0000000180025095e-35 1.0000000180025095e-35 1.0000000180025095e-35 1.0000000180025095e-35 1.0000000180025095e-35 1.0000000180025095e-35 45.500000000000007 1.0000000180025095e-35 32.500000000000007 1.0000000180025095e-35 1.0000000180025095e-35 1.0000000180025095e-35 1.0000000180025095e-35 1.0000000180025095e-35 28.500000000000004 40.500000000000007 26.500000000000004 35.500000000000007 1.0000000180025095e-35 1.0000000180025095e-35 33.500000000000007 40.500000000000007 1.0000000180025095e-35 32.500000000000007 34.500000000000007 1.0000000180025095e-35
decision_type=2 2 2 2 2 2 2 2 2 2 2 2 2 2 2 2 2 2 2 2 2 2 2 2 2 2 2 2 2 2
left_child=1 3 5 4 6 7 15 11 -5 10 16 21 -13 -8 -10 -1 29 -4 -11 20 -9 -2 -23 -17 -25 -18 -6 -28 -20 -3
right_child=2 9 17 8 26 -7 13 19 14 18 -12 12 -14 -15 -16 23 25 -19 28 -21 -22 22 -24 24 -26 -27 27 -29 -30 -31
leaf_value=-0.029701255601783372 -0.0047865949353708059 0.003889292782148212 0.039882016245227747 -0.0082315453080990357 0.0062144906897734255 0.037202190875307982 -0.017745320370316835 -0.0064911702860451495 0.00030780855025516139 0.067162193529831146 -0.0043562019483073524 -0.010386513569761795 0.022826723695042607 -0.0017234708875165261 0.024643164372909879 -0.024594456386222398 0.021503292566906959 0.053635724945171687 0.0011274169696689235 0.0040403979346174913 0.04026566572434323 0.0029043016904436868 0.044409874566467222 -0.039359083052712442 -0.0028667333346172881 0.058104978568607926 0.026845505841393544 -0.026971849525513604 0.034680935279683876 0.019886937858115235
leaf_weight=635.67598889768124 126.79377636313438 121.74451054632664 289.06525678932667 252.11524607241154 92.403969973325729 103.10208204388618 285.39571568369865 7.3323749899864188 79.341076612472534 11.24773398041725 58.13127014040947 20.553311705589294 99.438331767916679 94.191140994429588 49.189046084880829 319.16858473420143 123.17564345896244 112.37018030881882 14.560412034392355 20.362136647105217 59.569833293557167 38.13342022895813 14.969567894935606 19.482317611575127 71.224807858467102 10.767148748040198 5.4181879758834866 25.616914033889771 51.863024085760117 83.419261127710342
leaf_count=2673 519 496 1272 1021 375 448 1168 31 321 48 237 85 411 382 199 1341 502 512 61 86 252 156 62 80 291 44 22 104 217 339
internal_value=1.08196e-05 -0.0108205 0.0292136 -0.0174878 -0.0212448 0.0173255 -0.0231051 0.0120322 -0.00220337 0.0162642 0.0129734 0.00741946 0.0171376 -0.0137696 0.00962106 -0.0264943 0.0159441 0.043732 0.0330946 0.0278842 0.0351412 0.000937411 0.0146046 -0.0215206 -0.0107047 0.0244456 0.000233006 -0.0175763 0.0273258 0.0103939
internal_weight=3295.82 2404.13 891.69 1929.22 1548.58 490.255 1425.14 387.153 380.645 474.909 397.238 299.888 119.992 379.587 128.53 1045.55 339.107 401.435 77.6712 87.2643 66.9022 179.897 53.103 409.876 90.7071 133.943 123.439 31.0351 66.4234 205.164
internal_count=13755 9921 3834 7977 6436 2050 5935 1602 1541 1944 1618 1233 496 1550 520 4385 1381 1784 326 369 283 737 218 1712 371 546 501 126 278 835
is_linear=0
shrinkage=0.05


Tree=14
num_leaves=31
num_cat=0
split_feature=0 3 3 5 7 7 5 9 7 4 4 5 5 4 1 6 2 4 4 6 2 12 7 2 1 1 8 2 1 10
split_gain=379.184 157.265 57.3539 56.0537 24.4777 21.7885 19.5197 15.4393 13.3719 11.3164 9.48665 8.71592 8.59566 8.54825 8.25912 8.09394 7.12924 6.84668 6.47738 6.39488 6.30954 6.26265 5.91392 6.24537 5.76085 5.58419 5.54591 6.87935 5.53221 5.50256
threshold=1.0000000180025095e-35 1.0000000180025095e-35 1.0000000180025095e-35 1.0000000180025095e-35 1.0000000180025095e-35 1.0000000180025095e-35 1.0000000180025095e-35 1.0000000180025095e-35 1.0000000180025095e-35 1.0000000180025095e-35 1.0000000180025095e-35 1.0000000180025095e-35 1.0000000180025095e-35 1.0000000180025095e-35 23.500000000000004 1.0000000180025095e-35 26.500000000000004 1.0000000180025095e-35 1.0000000180025095e-35 1.0000000180025095e-35 32.500000000000007 1.0000000180025095e-35 1.0000000180025095e-35 39.500000000000007 67.500000000000014 43.500000000000007 1.0000000180025095e-35 39.500000000000007 50.500000000000007 1.0000000180025095e-35
decision_type=2 2 2 2 2 2 2 2 2 2 2 2 2 2 2 2 2 2 2 2 2 2 2 2 2 2 2 2 2 2
left_child=1 3 5 4 7 9 17 13 10 14 16 22 -7 24 -2 -16 -5 21 -6 -18 -8 29 23 -4 26 -21 27 -1 -23 -3
right_child=2 6 11 8 18 12 20 -9 -10 -11 -12 -13 -14 -15 15 -17 19 -19 -20 25 -22 28 -24 -25 -26 -27 -28 -29 -30 -31
leaf_value=-0.029789675081108642 -0.053716677149861294 -0.0091314778117557813 0.021891023300101242 -0.027584861327723011 -0.0070181269718259222 0.021715137355493769 0.042361609125008914 -0.014976934056137137 0.014195285471404856 0.028891823588358859 0.013141182085985498 0.050521369862381621 0.043717446040568167 -0.0090644867368343852 0.0003040233571978588 0.023611307169095454 -0.010501387305626461 0.025983850348530502 0.022973347292240501 -0.0007521579827362519 0.02208437919753975 0.020168182537930887 0.044510125406273249 0.04881289719496288 0.010014510103015194 0.033163096738779756 -0.024253038103716821 -0.044427381754860322 -0.032299551607932547 0.0098008411903111707
leaf_weight=417.28226600587368 6.1691623628139487 100.67948569357395 93.06304107606411 47.013881489634514 125.19194152951241 124.21914975345135 51.41958150267601 324.08062069118023 92.667829155921936 53.057188287377357 53.409301280975342 173.88505896925926 69.072980582714081 57.672645702958107 189.39047145843506 46.368997469544411 272.71906962990761 39.424359351396561 21.026629418134689 64.96953421831131 151.0924831032753 63.812567859888077 100.95544655621052 28.030541226267815 9.3778472542762739 14.925110444426535 322.98951683938503 99.385519251227379 5.4534097015857688 62.022468492388725
leaf_count=1781 25 406 390 190 503 524 217 1329 379 229 219 816 315 232 764 193 1104 164 87 261 628 257 457 121 40 60 1367 425 22 250
internal_value=1.17686e-05 -0.010313 0.0279967 -0.0166719 -0.0220462 0.0165297 0.0154857 -0.0243439 -0.00311047 0.00797985 -0.00665033 0.0421382 0.0295777 -0.0276919 0.00339367 0.00488808 -0.00929542 0.00672 -0.00270527 -0.00685689 0.0272329 0.003446 0.0355734 0.0281229 -0.0289572 0.00558355 -0.0293925 -0.0326054 0.0160373 -0.00191442
internal_weight=3280.83 2396.62 884.212 1922.71 1377.01 488.278 473.904 1230.79 545.705 294.986 453.037 395.934 193.292 906.708 241.929 235.759 399.628 271.392 146.219 352.614 202.512 231.968 222.049 121.094 849.035 79.8946 839.657 516.668 69.266 162.702
internal_count=13755 9921 3834 7977 5764 2050 1944 5174 2213 1211 1834 1784 839 3845 982 957 1615 1099 590 1425 845 935 968 511 3613 321 3573 2206 279 656
is_linear=0
shrinkage=0.05


Tree=15
num_leaves=31
num_cat=0
split_feature=7 5 4 10 4 4 9 5 6 10 2 1 2 6 6 31 9 9 1 10 6 19 6 31 1 2 9 1 2 1
split_gain=240.724 99.2083 43.8315 34.9124 27.3874 21.5702 17.4602 17.4514 11.9579 8.83686 8.51101 8.13156 8.0704 7.42409 7.09639 6.57208 6.37314 5.82907 5.51836 5.4313 5.2393 4.91902 4.63516 6.93399 6.19893 4.60931 4.5869 5.62388 5.08461 4.54802
threshold=1.0000000180025095e-35 1.0000000180025095e-35 1.0000000180025095e-35 1.0000000180025095e-35 1.0000000180025095e-35 1.0000000180025095e-35 1.0000000180025095e-35 1.0000000180025095e-35 1.0000000180025095e-35 1.0000000180025095e-35 66.500000000000014 63.500000000000007 35.500000000000007 1.0000000180025095e-35 1.0000000180025095e-35 1.0000000180025095e-35 1.0000000180025095e-35 1.0000000180025095e-35 33.500000000000007 1.0000000180025095e-35 1.0000000180025095e-35 1.0000000180025095e-35 1.0000000180025095e-35 1.0000000180025095e-35 41.500000000000007 42.500000000000007 1.0000000180025095e-35 41.500000000000007 32.500000000000007 24.500000000000004
decision_type=2 2 2 2 2 2 2 2 2 2 2 2 2 2 2 2 2 2 2 2 2 2 2 2 2 2 2 2 2 2
left_child=1 2 3 6 7 8 13 9 10 12 11 16 -2 -1 21 18 -3 -7 -4 -18 -5 29 -9 24 -24 -22 27 -11 -28 -8
right_child=4 5 15 20 -6 17 14 22 -10 26 -12 -13 -14 -15 -16 -17 19 -19 -20 -21 25 -23 23 -25 -26 -27 28 -29 -30 -31
leaf_value=-0.025820743189132779 0.00072364756290711199 -0.0037490035339364926 -0.019842764224839545 -0.0064244423303640779 0.043163767861734828 0.017883562676315003 0.036633074749168097 0.025832451859561591 0.015447560675208897 0.022116445562416986 0.060425191539496263 -0.046431741458383309 0.022849414919862868 -0.013061555672918536 0.0054413785048344236 0.022460256424149855 0.001372397479370388 0.040105383184408018 0.0081510510008913906 0.021267639669226637 0.011776504123169483 -0.023338266688636908 0.039688658330184562 0.059756628272269907 -0.0027907678861010358 -0.018179998454676456 0.0086154536615415788 -0.011668918417397128 0.044076152388737043 -0.010320738107569187
leaf_weight=779.03941841423512 154.56304512917995 318.83677227795124 22.137166246771812 261.08695831894875 165.97938944399357 72.448402240872383 5.3261889964342108 147.97748367488384 169.79137632250786 63.505433514714241 5.7596068531274787 9.5345717668533307 56.198410496115685 133.55324751138687 58.280747696757317 65.80670502781868 91.149683356285095 49.793241038918495 85.98088476061821 55.005074664950371 82.829206511378288 89.619866088032722 33.017491772770882 29.897015422582626 11.607309997081755 15.196773573756216 13.742801144719122 15.281347885727881 38.229946300387383 162.62217539548874
leaf_count=3332 639 1312 92 1078 754 309 22 651 705 269 24 39 235 547 235 273 371 218 358 229 338 371 150 135 51 62 58 64 164 670
internal_value=1.26817e-05 -0.00727591 -0.0138271 -0.0164377 0.0253111 0.00766574 -0.0204466 0.0200574 0.00404226 0.0129584 1.02441e-05 -0.000723048 0.00662336 -0.0239535 -0.0103141 0.0100021 0.000214201 0.0269353 0.00241932 0.00885994 -0.00272387 -0.0138792 0.0309538 0.0411231 0.0286394 0.00713241 0.0231695 0.0155635 0.0346995 -0.00883168
internal_weight=3263.8 2533.8 1761.48 1587.55 730 772.319 1228.44 564.02 650.077 341.521 480.286 474.526 210.761 912.593 315.849 173.925 464.992 122.242 108.118 146.155 359.113 257.568 222.499 74.5218 44.6248 98.026 130.76 78.7868 51.9727 167.948
internal_count=13755 10585 7378 6655 3170 3207 5177 2416 2680 1429 1975 1951 874 3879 1298 723 1912 527 450 600 1478 1063 987 336 201 400 555 333 222 692
is_linear=0
shrinkage=0.05


Tree=16
num_leaves=31
num_cat=0
split_feature=0 3 3 7 9 7 6 7 4 10 1 1 37 6 6 14 7 2 2 10 6 14 2 1 14 9 1 1 8 4
split_gain=333.593 137.872 52.3951 36.1336 24.2478 17.4816 16.0381 10.5479 9.38916 9.08554 7.47783 7.18468 6.88925 6.80656 6.4001 7.24242 6.20341 6.98143 6.13596 5.93955 5.5051 5.8319 7.32029 5.41863 6.0645 5.02266 7.5676 7.6738 4.83643 4.8269
threshold=1.0000000180025095e-35 1.0000000180025095e-35 1.0000000180025095e-35 1.0000000180025095e-35 1.0000000180025095e-35 1.0000000180025095e-35 1.0000000180025095e-35 1.0000000180025095e-35 1.0000000180025095e-35 1.0000000180025095e-35 23.500000000000004 51.500000000000007 1.0000000180025095e-35 1.0000000180025095e-35 1.0000000180025095e-35 1.0000000180025095e-35 1.0000000180025095e-35 39.500000000000007 21.500000000000004 1.0000000180025095e-35 1.0000000180025095e-35 1.0000000180025095e-35 26.500000000000004 50.500000000000007 1.0000000180025095e-35 1.0000000180025095e-35 40.500000000000007 57.500000000000007 1.0000000180025095e-35 1.0000000180025095e-35
decision_type=2 2 2 2 2 2 2 2 2 2 2 2 2 2 2 2 2 2 2 2 2 2 2 2 2 2 2 2 2 2
left_child=1 3 5 4 6 8 -1 12 10 18 -2 29 -3 25 -5 -16 17 23 -6 28 21 -14 -23 -4 -25 26 -12 -28 -7 -8
right_child=2 7 16 14 9 19 11 -9 -10 -11 13 -13 20 -15 15 -17 -18 -19 -20 -21 -22 22 -24 24 -26 -27 27 -29 -30 -31
leaf_value=-0.024640600274210899 -0.050683814430879784 0.031607898233323932 0.031987469202526923 -0.0024954049725839649 -0.04400231281222175 0.010071275588405329 -0.014955315814389704 0.0278463474065637 0.027052892183177912 0.0027748576720935587 -0.011174534865342658 0.022738738660880838 0.0084584247019235028 0.02235734295278774 0.025026452462581745 -0.014142719594877399 0.046844560937105019 0.051443163659325122 -0.011403692841173454 0.037544781734455378 0.017991226507541785 0.048277671472701365 -0.015525980004724285 -0.028952939054039502 0.040973968665836802 0.01375909677997077 0.025948312118162217 -0.039928864117777234 0.031255113156087831 0.0096571565662693336
leaf_weight=996.14375483989716 6.1589080542325965 34.404649391770363 145.46224717795849 172.11783511936665 15.113465398550032 59.404268696904182 171.01578551530838 113.21306578814983 52.3934186398983 128.17379723489285 100.45832005143166 16.035310551524162 168.71618442237377 46.090362802147865 50.336295112967491 15.415658354759215 183.60230891406536 45.484021991491318 321.67093004286289 81.328218802809715 97.679851084947586 4.9193444252014151 52.176262468099594 7.9463876187801343 5.0845508426427841 54.379875734448433 29.230739638209343 5.2082384526729575 49.307881206274033 22.546674504876137
leaf_count=4251 25 141 641 699 62 256 696 481 229 521 405 65 687 193 207 63 881 205 1321 366 403 20 212 35 22 220 118 21 217 92
internal_value=1.29953e-05 -0.00967959 0.0264779 -0.015659 -0.0182549 0.0155069 -0.0219954 0.0145442 0.00786564 -0.00855475 0.00370342 -0.00942393 0.0103363 0.00512658 0.00257374 0.0158432 0.0401772 0.0341758 -0.0128666 0.027325 0.00807397 0.00378404 -0.0100287 0.0292204 -0.00166811 0.000930763 -0.0042406 0.0159856 0.0196795 -0.0120884
internal_weight=3251.22 2379.68 871.54 1908.57 1670.7 483.96 1205.74 471.109 293.92 464.958 241.526 209.598 357.896 235.368 237.87 65.752 387.58 203.977 336.784 190.04 323.492 225.812 57.0956 158.493 13.0309 189.277 134.897 34.439 108.712 193.562
internal_count=13755 9921 3834 7977 7008 2050 5104 1944 1211 1904 982 853 1463 957 969 270 1784 903 1383 839 1322 919 232 698 57 764 544 139 473 788
is_linear=0
shrinkage=0.05


Tree=17
num_leaves=31
num_cat=0
split_feature=0 3 3 5 6 5 5 6 7 7 5 9 9 4 6 10 7 4 7 1 2 33 1 1 4 12 1 1 1 14
split_gain=303.553 124.872 48.8357 44.6865 18.6421 17.4527 16.2281 10.4135 9.47235 8.45683 8.13575 7.9337 7.54967 7.22145 7.16206 7.14343 6.92354 6.27813 6.00803 6.22253 5.83448 5.83079 5.68937 7.04941 5.54739 5.64254 5.45554 5.44299 5.98316 5.30166
threshold=1.0000000180025095e-35 1.0000000180025095e-35 1.0000000180025095e-35 1.0000000180025095e-35 1.0000000180025095e-35 1.0000000180025095e-35 1.0000000180025095e-35 1.0000000180025095e-35 1.0000000180025095e-35 1.0000000180025095e-35 1.0000000180025095e-35 1.0000000180025095e-35 1.0000000180025095e-35 1.0000000180025095e-35 1.0000000180025095e-35 1.0000000180025095e-35 1.0000000180025095e-35 1.0000000180025095e-35 1.0000000180025095e-35 50.500000000000007 32.500000000000007 1.0000000180025095e-35 53.500000000000007 46.500000000000007 1.0000000180025095e-35 1.0000000180025095e-35 43.500000000000007 40.500000000000007 36.500000000000007 1.0000000180025095e-35
decision_type=2 2 2 2 2 2 2 2 2 2 2 2 2 2 2 2 2 2 2 2 2 2 2 2 2 2 2 2 2 2
left_child=1 3 5 4 9 7 24 15 11 12 -4 14 -1 27 -5 22 -6 -13 19 21 -8 -7 23 -2 25 -3 -16 28 -9 -18
right_child=2 6 10 8 16 18 20 13 -10 -11 -12 17 -14 -15 26 -17 29 -19 -20 -21 -22 -23 -24 -25 -26 -27 -28 -29 -30 -31
leaf_value=-0.026450627918943738 -0.0033653352897044515 -0.0021715791306858283 0.032356027760644626 -0.014418522495268111 -0.010885286928816448 -0.0008206465928753331 0.039359600994035918 0.00092054799246612737 0.011821919434883086 -0.00913201393485784 0.047079196508896484 -0.00030742267641874281 -0.016546820168018402 0.05311651193918996 -0.0029133527931287794 0.015637504152726533 0.022403176883959933 0.029693323319666162 0.040062523915819215 0.062292406843097683 0.019690303072101269 0.026906549708200153 -0.039856173800317064 0.031758742801440185 0.023332681716198914 0.014884381905795403 0.03288751321832923 -0.012848277832554751 0.04009646591017401 -0.021141165910895144
leaf_weight=751.5803499519825 148.43063393235207 162.23400877416134 216.14366935193539 238.72752875089645 202.55041521787643 31.52838234603405 50.438740059733391 15.918633371591566 91.898667141795158 106.99009431898594 165.80500864982605 121.7782409787178 258.64685565233231 17.514817535877228 57.436815619468689 83.516542121767998 29.709222048521042 20.352859184145927 66.358870610594749 7.9375695437192908 149.30396056175232 47.566808521747589 9.4626666158437711 15.806288063526152 38.903524443507195 69.163929879665375 13.060977056622503 12.439206570386885 25.134871318936348 9.1409062147140485
leaf_count=3277 610 656 968 974 823 133 217 67 379 432 816 489 1074 78 232 350 121 86 315 34 628 201 39 65 164 279 53 52 106 37
internal_value=1.39318e-05 -0.009227 0.0253956 -0.0149304 -0.0197768 0.0148069 0.0138497 0.0083001 -0.00281003 -0.0224993 0.0387474 -0.00578918 -0.023915 0.0252505 -0.0102834 0.00362074 -0.00717682 0.00398862 0.02873 0.0200894 0.0246572 0.0158541 -0.00215704 1.50331e-05 0.00586339 0.00292638 0.0037194 0.0161265 0.0249059 0.0121578
internal_weight=3235.48 2371.92 863.564 1901.87 1358.62 481.615 470.044 328.224 543.255 1117.22 381.949 451.356 1010.23 71.0075 309.225 257.216 241.401 142.131 153.392 87.0328 199.743 79.0952 173.7 164.237 270.301 231.398 70.4978 53.4927 41.0535 38.8501
internal_count=13755 9921 3834 7977 5764 2050 1944 1367 2213 4783 1784 1834 4351 303 1259 1064 981 575 683 368 845 334 714 675 1099 935 285 225 173 158
is_linear=0
shrinkage=0.05


Tree=18
num_leaves=31
num_cat=0
split_feature=0 3 3 5 5 7 5 9 4 7 5 7 4 2 12 7 1 2 1 9 8 2 4 4 4 1 12 2 1 9
split_gain=276.241 113.161 45.5357 40.6951 16.0466 15.8941 14.8088 11.2912 8.84253 8.21388 7.89513 7.04852 6.6638 6.4109 5.69311 5.67365 5.77563 5.40136 5.3597 5.31109 5.15826 6.48743 5.14692 5.07503 5.04521 5.1059 5.09202 5.01588 5.00376 4.95656
threshold=1.0000000180025095e-35 1.0000000180025095e-35 1.0000000180025095e-35 1.0000000180025095e-35 1.0000000180025095e-35 1.0000000180025095e-35 1.0000000180025095e-35 1.0000000180025095e-35 1.0000000180025095e-35 1.0000000180025095e-35 1.0000000180025095e-35 1.0000000180025095e-35 1.0000000180025095e-35 24.500000000000004 1.0000000180025095e-35 1.0000000180025095e-35 49.500000000000007 32.500000000000007 67.500000000000014 1.0000000180025095e-35 1.0000000180025095e-35 39.500000000000007 1.0000000180025095e-35 1.0000000180025095e-35 1.0000000180025095e-35 28.500000000000004 1.0000000180025095e-35 48.500000000000007 50.500000000000007 1.0000000180025095e-35
decision_type=2 2 2 2 2 2 2 2 2 2 2 2 2 2 2 2 2 2 2 2 2 2 2 2 2 2 2 2 2 2
left_child=1 3 4 5 9 7 24 12 11 29 23 13 18 -5 -10 16 -6 -8 20 -16 21 -1 -7 -4 26 -26 27 -3 -28 -2
right_child=2 6 10 8 15 22 17 -9 14 -11 -12 -13 -14 -15 19 -17 -18 -19 -20 -21 -22 -23 -24 -25 25 -27 28 -29 -30 -31
leaf_value=-0.025639173451849545 -0.0031774834047820265 -0.0048486171109460461 0.026664398660531163 -0.027989327012282617 0.014787197776986685 -0.0071146492781338144 0.037790363838525125 -0.012745190355625609 0.0045336766870420217 0.01820341999869593 0.045683918327133866 0.0088817795036250577 -0.0072265879641990249 -0.0057790200176676947 0.013251808652864759 0.038695807918880144 0.057140275168698254 0.018782352935022284 0.01305908696051556 0.063791491926763672 -0.02024759769209275 -0.040077380711862176 0.019789599904730615 0.044546310862969909 0.068110969198040661 0.015086958872029635 0.018068843609256428 0.025684889886025349 -0.031883968535663769 0.013873029098892773
leaf_weight=406.13042142987251 145.52700187265873 147.43209531903267 161.32399362325668 35.692947596311569 77.65140438079834 125.02902518212795 49.919917196035385 321.49649712443352 48.008009448647499 121.68244943022728 162.41264402866364 75.61193223297596 57.493559658527374 362.0617830902338 11.693275660276413 65.294923841953278 8.9804427772760373 148.71077443659306 9.2291708737611753 9.3587009161710739 315.49428074061871 96.237079918384552 20.722804605960846 52.620178714394569 5.2531118094921103 33.450005680322647 63.727170169353485 14.800644621253012 5.4412677586078635 60.277837723493576
leaf_count=1781 595 596 718 145 329 503 217 1329 199 524 816 311 232 1470 48 315 39 628 40 40 1367 425 87 250 23 141 257 60 22 248
internal_value=1.48043e-05 -0.00880008 0.0243549 -0.014243 0.0141358 -0.0188853 0.0131959 -0.02077 -0.00267354 0.00790523 0.0373722 -0.00511193 -0.0236865 -0.00777209 0.0140402 0.0275661 0.0191776 0.0235595 -0.0248307 0.0357193 -0.0252583 -0.0284051 -0.00328944 0.0310625 0.0055747 0.0222838 0.00278001 -0.00206302 0.0141392 0.00181641
internal_weight=3218.77 2362.99 855.771 1894.26 479.414 1351.83 468.735 1206.08 542.427 327.487 376.357 473.367 884.585 397.755 69.06 151.927 86.6318 198.631 827.091 21.052 817.862 502.368 145.752 213.944 270.104 38.7031 231.401 162.233 69.1684 205.805
internal_count=13755 9921 3834 7977 2050 5764 1944 5174 2213 1367 1784 1926 3845 1615 287 683 368 845 3613 88 3573 2206 590 968 1099 164 935 656 279 843
is_linear=0
shrinkage=0.05


Tree=19
num_leaves=31
num_cat=0
split_feature=0 3 3 5 6 5 5 6 4 5 9 4 6 2 10 10 1 1 4 7 1 1 1 7 2 1 2 1 1 7
split_gain=251.373 102.542 42.4968 37.0834 16.9503 14.7579 13.5111 9.43479 8.00062 7.64774 7.17256 6.74005 6.46075 7.14448 6.4368 6.40869 5.68547 6.66051 5.63665 5.16336 5.12789 5.10723 6.3653 5.00562 5.65312 5.15815 5.00388 4.97208 5.50107 4.91115
threshold=1.0000000180025095e-35 1.0000000180025095e-35 1.0000000180025095e-35 1.0000000180025095e-35 1.0000000180025095e-35 1.0000000180025095e-35 1.0000000180025095e-35 1.0000000180025095e-35 1.0000000180025095e-35 1.0000000180025095e-35 1.0000000180025095e-35 1.0000000180025095e-35 1.0000000180025095e-35 55.500000000000007 1.0000000180025095e-35 1.0000000180025095e-35 38.500000000000007 28.500000000000004 1.0000000180025095e-35 1.0000000180025095e-35 32.500000000000007 53.500000000000007 46.500000000000007 1.0000000180025095e-35 39.500000000000007 49.500000000000007 32.500000000000007 40.500000000000007 36.500000000000007 1.0000000180025095e-35
decision_type=2 2 2 2 2 2 2 2 2 2 2 2 2 2 2 2 2 2 2 2 2 2 2 2 2 2 2 2 2 2
left_child=1 3 5 4 10 7 29 15 12 23 19 27 13 16 -6 21 17 -5 -7 -1 -21 22 -2 24 25 -4 -8 28 -9 -3
right_child=2 6 9 8 14 18 26 11 -10 -11 -12 -13 -14 -15 -16 -17 -18 -19 -20 20 -22 -23 -24 -25 -26 -27 -28 -29 -30 -31
leaf_value=-0.024313437702832699 -0.0035381652888321689 0.0016932800372371566 0.020966436019547584 -0.024574508951306261 -0.011280484795931585 0.020893278868411733 0.036293121746728156 0.0004284507055851459 0.013382621805791819 0.044340445233633563 -0.013930458147196602 0.051017056768927017 0.0054652542912943733 0.028529231895215702 0.0066785295660204032 0.01449606044526254 -0.019967295094453011 -0.0020894835475866644 0.0433056137351083 0.017028425214889887 -0.016801177581818094 -0.038102394395485524 0.029920569130473074 0.038408084609651054 0.04315813229287576 -0.018728893302478043 0.017915991903536786 -0.012702238878562214 0.038107824951225971 0.01791059488789281
leaf_weight=740.42966550588608 148.24898950755596 209.81073336303234 81.578526884317398 38.998769327998161 169.94491562247276 113.18004657328129 49.39393162727356 15.878873109817503 68.849984809756279 159.05317911505699 291.83621829748154 17.141963884234428 114.74930487573147 12.790208950638769 70.629549205303192 83.095304161310196 94.65078167617321 211.8284869492054 37.298509031534195 13.863125115633009 58.349181398749352 9.4656419456005079 15.722295761108397 94.320025786757469 26.70556215941906 9.0963240116834623 148.1221869289875 12.440744459629057 24.840643435716629 60.043698146939278
leaf_count=3277 610 850 351 159 695 504 217 67 287 816 1214 78 465 52 286 350 386 864 179 56 236 39 65 457 121 39 628 52 106 249
internal_value=1.5485e-05 -0.00839226 0.0233559 -0.0135856 -0.0180346 0.0134915 0.0125748 0.00752587 -0.00254211 0.0360556 -0.0206542 0.0237536 -0.00486003 -0.0081671 -0.00600795 0.00307868 -0.00952566 -0.00558547 0.0264485 -0.0230688 -0.0103067 -0.00239149 -0.000329993 0.0298311 0.0229392 0.0169843 0.0225117 0.0149623 0.0234145 0.0053017
internal_weight=3202.36 2354.29 848.067 1886.92 1345.05 477.313 467.371 326.834 541.868 370.754 1104.48 70.3022 473.018 358.268 240.574 256.532 345.478 250.827 150.479 812.642 72.2123 173.437 163.971 211.7 117.38 90.6749 197.516 53.1603 40.7195 269.854
internal_count=13755 9921 3834 7977 5764 2050 1944 1367 2213 1784 4783 303 1926 1461 981 1064 1409 1023 683 3569 292 714 675 968 511 390 845 225 173 1099
is_linear=0
shrinkage=0.05


Tree=20
num_leaves=31
num_cat=0
split_feature=3 7 5 7 4 9 5 4 8 4 1 4 10 6 4 8 6 1 1 6 9 19 10 14 9 14 5 5 1 1
split_gain=217.46 78.3278 32.3259 28.8883 15.2982 14.2274 13.4058 12.4982 10.7208 10.0176 7.9603 7.36636 6.90025 6.42824 6.31235 5.98663 5.71424 5.70264 5.55161 5.94591 5.13368 5.01718 4.8731 4.98716 4.72786 4.46088 4.25375 4.15409 4.14284 5.40233
threshold=1.0000000180025095e-35 1.0000000180025095e-35 1.0000000180025095e-35 1.0000000180025095e-35 1.0000000180025095e-35 1.0000000180025095e-35 1.0000000180025095e-35 1.0000000180025095e-35 1.0000000180025095e-35 1.0000000180025095e-35 35.500000000000007 1.0000000180025095e-35 1.0000000180025095e-35 1.0000000180025095e-35 1.0000000180025095e-35 1.0000000180025095e-35 1.0000000180025095e-35 59.500000000000007 25.500000000000004 1.0000000180025095e-35 1.0000000180025095e-35 1.0000000180025095e-35 1.0000000180025095e-35 1.0000000180025095e-35 1.0000000180025095e-35 1.0000000180025095e-35 1.0000000180025095e-35 1.0000000180025095e-35 32.500000000000007 41.500000000000007
decision_type=2 2 2 2 2 2 2 2 2 2 2 2 2 2 2 2 2 2 2 2 2 2 2 2 2 2 2 2 2 2
left_child=1 2 4 6 5 15 11 8 16 18 21 12 28 -7 17 -1 -3 26 -4 24 -11 -6 -18 -24 -20 -17 -5 -10 -2 -30
right_child=3 7 9 14 10 13 -8 -9 27 20 -12 -13 -14 -15 -16 25 22 -19 19 -21 -22 -23 23 -25 -26 -27 -28 -29 29 -31
leaf_value=-0.023932509200286476 -0.016304941809603259 -0.0054948137504966157 -0.025064057940274151 0.025631891711634425 -0.0020389861782506851 -0.012206741956158174 0.024774594555272179 0.029268473063330039 0.01112700046546366 0.0054407020033587676 0.0096759836093215697 0.02569729803682029 0.015910791759065384 0.0051401940725146001 0.047594123988011994 -0.019135323662724312 0.0010803114671832654 -0.020853834065837625 -0.0098858616730080947 0.0078970997373024095 0.033025166331242209 -0.040704958494487041 0.051119517701763567 -0.0025707421971720296 0.0031259453193158791 -0.0067194293927651475 0.040271957958209093 0.028309089570673754 0.0095154439528752442 -0.012406911731897553
leaf_weight=575.44791996479034 33.664666414260864 140.42960238456726 29.955984085798264 115.88323569297791 19.082459181547165 275.55609850585461 223.16979616880417 82.314467296004295 95.411788836121559 44.854318350553513 82.870511442422867 54.24841932952404 100.66564105451107 66.244437053799629 73.731205984950066 264.59336791932583 27.745595902204514 5.2556274235248557 234.38352443277836 99.841577529907227 27.032366156578064 14.972101777791975 13.261779174208643 6.4184705615043631 99.426431447267532 99.567918494343758 86.766119822859764 55.721353352069855 98.49427492916584 39.322091087698936
leaf_count=2535 137 587 122 524 79 1150 1005 374 396 189 343 239 419 268 380 1149 118 25 963 407 119 62 58 28 402 431 433 247 404 162
internal_value=1.62471e-05 -0.00774371 -0.0119998 0.0220034 -0.0160002 -0.01758 0.0153305 0.0117921 0.00754846 -0.00155343 0.00131286 0.00887317 0.00551953 -0.00884473 0.0350243 -0.0207576 -0.000427058 0.0305666 -0.00424635 -0.0028083 0.0158136 -0.0190385 0.0145787 0.0336091 -0.00601025 -0.0157406 0.0319002 0.0174619 -0.000580527 0.00326051
internal_weight=3186.33 2355.13 1933.83 831.201 1398.33 1281.41 549.565 421.303 338.989 535.494 116.925 326.395 272.147 341.801 281.636 939.609 187.855 207.905 463.608 433.652 71.8867 34.0546 47.4258 19.6802 333.81 364.161 202.649 151.133 171.481 137.816
internal_count=13755 10027 8219 3728 6017 5533 2366 1808 1434 2202 484 1361 1122 1418 1362 4115 791 982 1894 1772 308 141 204 86 1365 1580 957 643 703 566
is_linear=0
shrinkage=0.05


Tree=21
num_leaves=31
num_cat=0
split_feature=0 3 3 7 9 4 7 7 4 10 8 1 37 7 2 2 10 1 2 2 12 2 1 14 9 4 1 33 2 2
split_gain=219.493 82.8907 36.0214 22.8759 16.6693 12.5617 9.19917 8.3518 7.53368 7.53282 7.19895 6.58379 6.31709 5.83233 6.66351 5.3925 5.37445 7.83468 5.25908 5.70672 5.20504 5.01033 4.75762 5.81606 4.5268 4.43349 6.97128 5.57031 4.53428 8.3289
threshold=1.0000000180025095e-35 1.0000000180025095e-35 1.0000000180025095e-35 1.0000000180025095e-35 1.0000000180025095e-35 1.0000000180025095e-35 1.0000000180025095e-35 1.0000000180025095e-35 1.0000000180025095e-35 1.0000000180025095e-35 1.0000000180025095e-35 23.500000000000004 1.0000000180025095e-35 1.0000000180025095e-35 39.500000000000007 21.500000000000004 1.0000000180025095e-35 35.500000000000007 35.500000000000007 45.500000000000007 1.0000000180025095e-35 17.500000000000004 50.500000000000007 1.0000000180025095e-35 1.0000000180025095e-35 1.0000000180025095e-35 28.500000000000004 1.0000000180025095e-35 34.500000000000007 39.500000000000007
decision_type=2 2 2 2 2 2 2 2 2 2 2 2 2 2 2 2 2 2 2 2 2 2 2 2 2 2 2 2 2 2
left_child=1 3 5 4 8 6 11 12 20 15 18 -2 -3 14 22 -6 17 -5 -8 -20 21 -1 -4 -24 -13 27 -27 -14 -28 -30
right_child=2 7 13 16 9 -7 10 -9 -10 -11 -12 24 25 -15 -16 -17 -18 -19 19 -21 -22 -23 23 -25 -26 26 28 -29 29 -31
leaf_value=-0.062502549864913257 -0.048187480672912196 0.027834398199576678 0.025759397197018898 0.016048803266075082 -0.039930839178927591 0.029113489520998865 0.00048116844176764528 0.023116791328196863 -0.0038957068793530241 0.0037636485400001415 0.031975133496166923 -0.00022522914340667601 0.011057580475206025 0.040744702916865612 0.045506236918128246 -0.0091521789479513237 0.01156655484869254 -0.010646544687478441 0.050490692799844007 0.00013728164493240986 -0.024226235223789611 -0.016315834626305634 -0.033258667707235914 0.036401895060256928 0.015016567984341356 0.067043178389239386 -0.01703869058840558 -0.0034211001707915934 0.037502208106036355 -0.020019333744081717
leaf_weight=5.9179736673831931 6.1349818855524054 33.982411071658134 138.05102726817131 36.713653475046158 14.896175295114515 95.993518158793449 54.148304581642151 109.86785380542278 90.030236855149269 127.45574687421322 60.997631624341011 164.65456059575081 115.00183813273907 167.75620324909687 42.417011976242065 318.6152530759573 90.582639962434769 109.33612516522408 13.194676861166956 9.8106710761785489 326.4871321618557 752.88190315663815 7.7426847368478757 4.8879853188991547 69.182982847094536 6.5674714297056189 10.36442033946514 157.28173330426216 22.164750277996067 8.7883640080690366
leaf_count=26 25 141 641 150 62 448 239 481 365 521 278 672 471 881 205 1321 373 446 59 44 1425 3288 35 22 285 30 45 644 95 37
internal_value=1.66327e-05 -0.00784535 0.0220209 -0.0125325 -0.0146339 0.0129607 0.00886004 0.0110733 -0.0177944 -0.00657561 0.0191386 0.00294274 0.00733711 0.0339248 0.028 -0.0105269 0.0019984 -0.00393593 0.00898998 0.0290174 -0.0189474 -0.0166761 0.023072 -0.00630049 0.0042842 0.00516154 0.0191918 0.00269412 0.0115857 0.0211704
internal_weight=3171.91 2336.94 834.972 1872.92 1636.28 474.117 378.124 464.019 1175.32 460.967 138.151 239.973 354.151 360.855 193.099 333.511 236.632 146.05 77.1537 23.0053 1085.29 758.8 150.682 12.6307 233.838 320.169 47.885 272.284 41.3175 30.9531
internal_count=13755 9921 3834 7977 7008 2050 1602 1944 5104 1904 620 982 1463 1784 903 1383 969 596 342 103 4739 3314 698 57 957 1322 207 1115 177 132
is_linear=0
shrinkage=0.05


Tree=22
num_leaves=31
num_cat=0
split_feature=0 3 3 5 6 5 5 6 5 8 7 1 2 9 9 6 7 4 1 7 1 1 2 9 4 2 4 0 1 1
split_gain=199.685 75.0702 33.6142 30.3977 14.6001 12.5493 11.2948 8.06834 7.34405 6.29303 6.14542 6.02204 5.93747 5.8264 5.56637 5.518 5.13698 5.10352 5.08115 4.92146 5.39063 4.86776 5.20507 4.86495 5.66152 4.76165 4.64561 4.55161 6.5738 4.49133
threshold=1.0000000180025095e-35 1.0000000180025095e-35 1.0000000180025095e-35 1.0000000180025095e-35 1.0000000180025095e-35 1.0000000180025095e-35 1.0000000180025095e-35 1.0000000180025095e-35 1.0000000180025095e-35 1.0000000180025095e-35 1.0000000180025095e-35 32.500000000000007 51.500000000000007 1.0000000180025095e-35 1.0000000180025095e-35 1.0000000180025095e-35 1.0000000180025095e-35 1.0000000180025095e-35 40.500000000000007 1.0000000180025095e-35 37.500000000000007 43.500000000000007 37.500000000000007 1.0000000180025095e-35 1.0000000180025095e-35 32.500000000000007 1.0000000180025095e-35 2.5000000000000004 36.500000000000007 52.500000000000007
decision_type=2 2 2 2 2 2 2 2 2 2 2 2 2 2 2 2 2 2 2 2 2 2 2 2 2 2 2 2 2 2
left_child=1 3 5 4 14 7 -3 9 26 -2 13 -11 17 15 -1 -5 -13 18 27 20 -7 -17 -23 24 29 -8 -4 28 -9 -6
right_child=2 6 8 10 23 19 25 12 -10 11 -12 16 -14 -15 -16 21 -18 -19 -20 -21 -22 22 -24 -25 -26 -27 -28 -29 -30 -31
leaf_value=-0.020631831894144047 -0.0036203681687733097 0.0039080600486260499 0.022325977393275562 -0.01187225663160724 -0.015375726322091499 -0.0038388156245825374 0.033357149482195869 -0.016690646007805583 0.041112013789050328 -0.013400032290161276 0.0098943859460938199 0.0083843253460048495 0.076340331189451383 0.004047585932690635 -0.012542612685322344 -0.0021875611569435109 0.033973697104181438 0.044298495842360112 -0.018291679743858119 0.035136917562581416 0.024364836057510778 0.057333101219378048 -0.0072952516875766458 0.0054724703279871618 0.016601209671378403 0.015234961885367293 0.039924453564992461 0.056814590972336244 0.029807510748203276 0.020941853459985098
leaf_weight=797.76649604737759 153.64022853970528 268.69087652862072 155.57499305903912 236.62910178303719 134.72461105883121 23.319838061928749 48.223145604133606 12.57016044855118 150.54001741111279 18.471532985568047 91.144370302557945 51.316640377044678 4.6871574670076361 141.50610728561878 289.96449975669384 57.447931587696075 31.744477942585945 14.400976091623304 11.719712674617766 62.322863221168518 61.948533311486244 7.8482862263917905 5.1662253141403198 77.437729850411415 18.085416749119759 145.95799501240253 49.409956857562065 6.6849201172590247 19.229347065091133 9.0871808975934965
leaf_count=3569 636 1099 718 974 558 100 217 53 816 78 379 209 21 575 1214 232 141 68 49 315 268 32 21 312 74 628 250 29 83 37
internal_value=1.74071e-05 -0.00747712 0.0211148 -0.0119464 -0.0160154 0.0123698 0.0105479 0.00687144 0.0327263 0.00276275 -0.00194193 0.0124218 0.0220019 -0.00434678 -0.0184754 -0.00821486 0.0181641 0.0180596 0.010533 0.0244573 0.0166515 0.00406751 0.0316783 -0.00483494 -0.00976513 0.0197354 0.0265679 0.0193111 0.0114271 -0.0130809
internal_weight=3157.26 2329.68 827.581 1866.81 1327.07 472.056 462.872 324.465 355.525 255.173 539.742 101.533 69.2923 448.598 1087.73 307.092 83.0611 64.6051 50.2041 147.591 85.2684 70.4624 13.0145 239.335 161.897 194.181 204.985 38.4844 31.7995 143.812
internal_count=13755 9921 3834 7977 5764 2050 1944 1367 1784 1064 2213 428 303 1834 4783 1259 350 282 214 683 368 285 53 981 669 845 968 165 136 595
is_linear=0
shrinkage=0.05


Tree=23
num_leaves=31
num_cat=0
split_feature=0 3 3 6 4 4 7 9 7 7 7 14 1 7 2 37 6 6 14 2 14 2 1 1 14 1 2 21 34 19
split_gain=181.714 68.0065 31.3397 22.7282 11.8989 11.1521 7.86211 7.66181 7.64421 6.97693 5.92044 5.99079 5.8455 5.78558 6.39785 5.74673 4.96267 4.78368 4.84126 6.61043 4.77765 4.82295 4.54455 4.41073 5.32451 4.22376 5.21908 4.39991 4.50453 4.14103
threshold=1.0000000180025095e-35 1.0000000180025095e-35 1.0000000180025095e-35 1.0000000180025095e-35 1.0000000180025095e-35 1.0000000180025095e-35 1.0000000180025095e-35 1.0000000180025095e-35 1.0000000180025095e-35 1.0000000180025095e-35 1.0000000180025095e-35 1.0000000180025095e-35 23.500000000000004 1.0000000180025095e-35 39.500000000000007 1.0000000180025095e-35 1.0000000180025095e-35 1.0000000180025095e-35 1.0000000180025095e-35 26.500000000000004 1.0000000180025095e-35 32.500000000000007 25.500000000000004 50.500000000000007 1.0000000180025095e-35 51.500000000000007 44.500000000000007 1.0000000180025095e-35 1.0000000180025095e-35 1.0000000180025095e-35
decision_type=2 2 2 2 2 2 2 2 2 2 2 2 2 2 2 2 2 2 2 2 2 2 2 2 2 2 2 2 2 2
left_child=1 3 5 4 7 6 12 9 15 -1 25 -12 -2 14 23 -3 -14 18 -17 -20 22 -22 -6 -4 -25 27 -27 28 -5 -30
right_child=2 8 13 10 20 -7 -8 -9 -10 -11 11 -13 16 -15 -16 17 -18 -19 19 -21 21 -23 -24 24 -26 26 -28 -29 29 -31
leaf_value=-0.019213113055280152 -0.045772046361592336 0.026078072316947705 0.023398390771358704 -0.0078496596605322454 -0.032952013848887844 0.027199892145866031 0.017541724107496031 -0.0094031133127747933 0.021635851124113051 -0.0052245272300108486 0.021758715079756505 -0.013998322049853946 0.00019259887078986208 0.038512520102491593 0.043087457719769205 0.0046808574819425857 0.018657997164007786 0.013752491050794933 0.043628544489959981 -0.017461048977148133 0.02687263737978085 -0.025390669941178154 0.0096922335806092323 -0.033259553633512629 0.033853930353325373 0.03426075346021281 -0.01382421700409161 0.025974024796106804 -0.0086711472434433459 0.041192498819121369
leaf_weight=890.57104963064194 6.111870974302291 33.806279391050339 135.08313171565533 258.4553948789835 6.7466858327388755 94.141112744808197 136.2892542630434 372.86750268936157 108.76310484111309 99.050681233406067 49.639396727085114 15.331921041011809 188.20574027299881 161.63455311954021 41.029460787773132 166.84189866483212 45.106989651918411 95.706005394458771 4.8422972857952109 51.793168112635612 5.3465444594621685 25.315524086356163 84.446783825755119 7.7371702790260297 4.7817081958055496 15.465447381138803 8.8850688487291318 11.040358349680899 7.5459499806165704 9.2894503176212311
leaf_count=3983 25 141 641 1058 28 448 620 1550 481 402 207 63 764 881 205 687 193 403 20 212 22 104 347 35 22 63 36 45 31 38
internal_value=1.81127e-05 -0.00712852 0.0202501 -0.0113922 -0.0141727 0.011811 0.00795512 -0.0155115 0.0100462 -0.017813 -0.000405437 0.0133208 0.00249808 0.0315705 0.0256221 0.00647515 0.00376256 0.00439891 0.000393161 -0.0122379 0.000796506 -0.0162775 0.00653732 0.0207671 -0.0076249 -0.00327593 0.0167154 -0.00497606 -0.00621729 0.0188427
internal_weight=3141.87 2321.75 820.121 1860 1484.34 469.855 375.714 1362.49 461.753 989.622 375.653 64.9713 239.425 350.266 188.631 352.99 233.313 319.183 223.477 56.6355 121.856 30.6621 91.1935 147.602 12.5189 310.682 24.3505 286.331 275.291 16.8354
internal_count=13755 9921 3834 7977 6436 2050 1602 5935 1944 4385 1541 270 982 1784 903 1463 957 1322 919 232 501 126 375 698 57 1271 99 1172 1127 69
is_linear=0
shrinkage=0.05


Tree=24
num_leaves=31
num_cat=0
split_feature=0 3 3 5 6 5 5 5 6 8 2 4 1 1 2 4 12 1 1 31 8 9 4 1 4 9 2 1 2 4
split_gain=165.296 61.5896 29.2248 27.3641 12.1064 11.4253 10.31 7.30306 7.02351 5.67394 5.59238 5.52996 5.40688 5.33854 5.29006 5.85634 5.17168 5.16748 5.05605 5.1903 4.86948 4.76309 4.67017 4.6552 4.54159 4.51812 7.00293 5.60193 4.65681 4.49431
threshold=1.0000000180025095e-35 1.0000000180025095e-35 1.0000000180025095e-35 1.0000000180025095e-35 1.0000000180025095e-35 1.0000000180025095e-35 1.0000000180025095e-35 1.0000000180025095e-35 1.0000000180025095e-35 1.0000000180025095e-35 51.500000000000007 1.0000000180025095e-35 32.500000000000007 28.500000000000004 43.500000000000007 1.0000000180025095e-35 1.0000000180025095e-35 67.500000000000014 37.500000000000007 1.0000000180025095e-35 1.0000000180025095e-35 1.0000000180025095e-35 1.0000000180025095e-35 40.500000000000007 1.0000000180025095e-35 1.0000000180025095e-35 39.500000000000007 22.500000000000004 42.500000000000007 1.0000000180025095e-35
decision_type=2 2 2 2 2 2 2 2 2 2 2 2 2 2 2 2 2 2 2 2 2 2 2 2 2 2 2 2 2 2
left_child=1 3 5 4 14 8 -3 29 9 -2 22 13 -11 -5 15 25 -13 20 -17 -20 -16 -18 23 -10 -7 28 27 -27 -1 -4
right_child=2 6 7 11 -6 24 -8 -9 10 12 -12 16 -14 -15 17 18 21 -19 19 -21 -22 -23 -24 -25 -26 26 -28 -29 -30 -31
leaf_value=-0.019437664171743335 -0.0038597193577525808 0.003232523739320683 0.020072731819537351 -0.018251586700082159 -0.0045614822362465869 0.017934047185077743 0.018399285146875038 0.039001854974066191 0.017751912012128907 -0.01307247134858254 0.073915917116640362 0.0028620962043771499 0.016884252765202126 -0.0013964036030477255 -0.035177610354465365 -0.018925893219988093 0.011629964297146694 0.02532794349885353 -0.0056210970329533521 0.030661965356209797 -0.016524146057921567 0.059989701053420712 0.041967030431950277 -0.018282138231076529 0.038609010485137651 0.03650974524703187 0.016374366546581472 -0.014843836405536728 0.014301232728319733 0.037647926184369268
leaf_weight=621.0048406869173 153.31224386394024 268.29354529082775 152.51165299117565 52.942878216505051 238.81234833598137 110.35823041200638 192.40873883664608 144.86968460679054 38.096250578761101 18.430469661951065 4.5333168953657141 47.616726085543633 82.427043244242668 416.97475318610668 84.442117407917976 24.766366839408875 11.628779917955399 4.7921541780233374 23.231392309069633 17.120275050401688 59.737742394208908 9.0575338453054428 13.991590872406958 11.720484271645544 34.981482610106468 5.4523465186357489 21.629532128572464 204.13533301651478 10.398704528808592 47.767877370119095
leaf_count=2831 636 1099 718 217 981 504 845 816 165 78 21 199 350 1709 381 102 48 21 95 69 263 40 68 49 179 23 91 860 47 250
internal_value=1.84603e-05 -0.00679438 0.0194132 -0.0108606 -0.0147462 0.0112709 0.0095668 0.0304502 0.00602559 0.00219949 0.0202552 -0.00136314 0.01141 -0.00329538 -0.0170052 -0.0156008 0.0119304 -0.0257512 -0.00114208 0.00977296 -0.027449 0.0328043 0.0164429 0.00927411 0.0229103 -0.0166923 -0.0107125 -0.0135079 -0.018882 0.0242645
internal_weight=3127.45 2314.45 813 1853.74 1315.52 467.851 460.702 345.149 322.511 254.17 68.3416 538.221 100.858 469.918 1076.71 927.739 68.303 148.972 65.118 40.3517 144.18 20.6863 63.8083 49.8167 145.34 862.621 231.217 209.588 631.404 200.28
internal_count=13755 9921 3834 7977 5764 2050 1944 1784 1367 1064 303 2213 428 1926 4783 4118 287 665 266 164 644 88 282 214 683 3852 974 883 2878 968
is_linear=0
shrinkage=0.05


Tree=25
num_leaves=31
num_cat=0
split_feature=0 3 3 5 6 5 5 5 6 2 8 7 0 7 2 7 2 9 1 7 1 33 1 12 6 8 2 7 2 4
split_gain=150.354 55.7805 27.244 24.911 11.0777 10.4767 9.39485 7.0245 6.41273 5.26722 5.13012 5.07699 6.42376 5.071 4.86016 5.93652 6.59969 4.85893 4.70433 4.53694 5.30598 5.43642 4.97053 5.55056 4.52544 4.51662 4.42929 5.03673 4.41144 4.45163
threshold=1.0000000180025095e-35 1.0000000180025095e-35 1.0000000180025095e-35 1.0000000180025095e-35 1.0000000180025095e-35 1.0000000180025095e-35 1.0000000180025095e-35 1.0000000180025095e-35 1.0000000180025095e-35 51.500000000000007 1.0000000180025095e-35 1.0000000180025095e-35 1.5000000000000002 1.0000000180025095e-35 43.500000000000007 1.0000000180025095e-35 35.500000000000007 1.0000000180025095e-35 67.500000000000014 1.0000000180025095e-35 50.500000000000007 1.0000000180025095e-35 30.500000000000004 1.0000000180025095e-35 1.0000000180025095e-35 1.0000000180025095e-35 39.500000000000007 1.0000000180025095e-35 32.500000000000007 1.0000000180025095e-35
decision_type=2 2 2 2 2 2 2 2 2 2 2 2 2 2 2 2 2 2 2 2 2 2 2 2 2 2 2 2 2 2
left_child=1 3 5 4 14 8 -3 26 10 -10 -2 -12 -13 17 15 -1 -17 24 25 20 21 22 -7 -24 -5 -16 27 -4 -8 -30
right_child=2 6 7 13 -6 19 28 -9 9 -11 11 12 -14 -15 18 16 -18 -19 -20 -21 -22 -23 23 -25 -26 -27 -28 -29 29 -31
leaf_value=-0.016247663101816235 -0.0036655127924740552 0.0030714290827413733 0.011397312494749278 -0.010357095710809842 -0.0043353804682837501 -0.045450416396890188 0.03084456688327325 0.037862688048766337 0.015721991772589702 0.072233170399931934 0.001947472361314922 0.038339432108872001 -0.0059465827452076852 0.009468769390902158 -0.033802857433020167 -0.0081504388647015494 0.031020811102657187 0.0041826992869940828 0.023893745515692854 0.032457665157008285 0.054934452803567603 0.021445272151702187 0.022336115704971723 -0.02730591510499146 0.0040918981096657713 -0.015772141617408097 0.037245686332894795 0.029643193299357641 0.0091262780971830097 0.032026983382463452
leaf_weight=829.20946349203587 153.36194787919521 268.24832487106323 87.456725269556046 235.27819685637951 238.70649001002312 6.2677242755889919 47.173939272761345 141.84477590024471 63.420066073536873 4.4101016819477072 61.748167291283607 27.198205888271332 11.715414077043532 90.921527534723282 83.506729751825333 81.433645859360695 12.388880729675291 141.30256390571594 4.8249340057373038 60.03911828994751 7.3862350136041632 45.956346020102501 15.637431383132935 8.7995249032974243 70.407603293657303 59.463837653398514 44.184662535786629 66.646538093686104 118.39533658325672 25.854965627193451
leaf_count=3737 636 1099 390 974 981 27 217 816 282 21 252 123 53 379 381 331 50 575 21 315 34 201 68 38 285 263 225 353 509 119
internal_value=1.86706e-05 -0.0064763 0.0186084 -0.0103544 -0.0140755 0.0107546 0.00910981 0.0293671 0.00573815 0.0193962 0.00209114 0.0108616 0.0250066 -0.0012953 -0.0162468 -0.0148989 -0.00297804 -0.00348482 -0.0246648 0.0219602 0.0144613 0.0105618 -0.0057278 0.00446047 -0.00702911 -0.0263036 0.0232897 0.0192883 0.0175716 0.0132309
internal_weight=3113.19 2307.12 806.073 1847.44 1309.53 465.94 459.673 340.133 321.854 67.8302 254.024 100.662 38.9136 537.91 1070.83 923.032 93.8225 446.988 147.796 144.086 84.0473 76.661 30.7047 24.437 305.686 142.971 198.288 154.103 191.424 144.25
internal_count=13755 9921 3834 7977 5764 2050 1944 1784 1367 303 1064 428 176 2213 4783 4118 381 1834 665 683 368 334 133 106 1259 644 968 743 845 628
is_linear=0
shrinkage=0.05


Tree=26
num_leaves=31
num_cat=0
split_feature=0 3 3 5 5 7 5 5 10 9 4 2 10 12 9 9 4 2 4 9 8 2 2 4 4 8 2 14 33 12
split_gain=136.792 50.5238 25.3861 22.6523 9.62012 9.26941 8.56997 6.737 6.64737 6.50713 4.93816 5.1485 7.07173 4.7334 4.61065 4.39758 4.3137 4.31131 4.29903 4.28798 5.07896 4.9255 4.07867 4.10253 4.04467 4.36083 5.05311 4.74207 5.29489 3.91578
threshold=1.0000000180025095e-35 1.0000000180025095e-35 1.0000000180025095e-35 1.0000000180025095e-35 1.0000000180025095e-35 1.0000000180025095e-35 1.0000000180025095e-35 1.0000000180025095e-35 1.0000000180025095e-35 1.0000000180025095e-35 1.0000000180025095e-35 26.500000000000004 1.0000000180025095e-35 1.0000000180025095e-35 1.0000000180025095e-35 1.0000000180025095e-35 1.0000000180025095e-35 55.500000000000007 1.0000000180025095e-35 1.0000000180025095e-35 1.0000000180025095e-35 26.500000000000004 32.500000000000007 1.0000000180025095e-35 1.0000000180025095e-35 1.0000000180025095e-35 35.500000000000007 1.0000000180025095e-35 1.0000000180025095e-35 1.0000000180025095e-35
decision_type=2 2 2 2 2 2 2 2 2 2 2 2 2 2 2 2 2 2 2 2 2 2 2 2 2 2 2 2 2 2
left_child=1 3 4 5 8 9 29 18 19 24 11 12 -5 -12 -14 -15 -6 -13 -4 20 -2 -22 -8 -24 25 26 -1 -27 -29 -3
right_child=2 6 7 10 16 -7 22 -9 -10 -11 13 17 14 15 -16 -17 -18 -19 -20 -21 21 -23 23 -25 -26 27 -28 28 -30 -31
leaf_value=-0.018108354131821946 -0.011576888874587436 -0.0010337115589328578 0.018249201872903579 -0.030028283472699171 0.016210936048658326 -0.0015112276369823065 0.02963464358479875 0.036752623237377872 0.015425992197143155 -0.0088026511846988672 0.0027032545227752298 -0.0021575814512828973 -0.012647425071097222 0.011198400441781189 0.038517883123024642 0.057963541780749139 0.036626919614174601 0.024586211915602715 0.035676607906619903 0.01145863473712758 -0.031526563773598672 0.012760712553752419 0.0086898375644342205 0.030781127683929373 -0.0043653594070332076 -0.017290492368511858 -0.029850758148090385 0.023470744942765315 -0.0092393522484485527 0.012154029814384447
leaf_weight=357.4783674031496 92.030958190560341 187.82954335212708 149.93310172855854 36.842322215437889 108.81187227368355 144.94670462608337 46.658317416906357 138.89841355383396 110.08458377420902 315.91684982180595 47.54570771753788 398.46400918066502 10.909385770559313 11.603243708610535 7.3826579898595801 8.8697400391101837 33.944436967372894 15.661974728107451 46.319414585828781 60.918410554528236 7.1604821234941474 50.950273901224136 118.13148656487465 25.563901349902153 57.081436544656754 222.06058499217033 123.19187547266483 15.119843527674673 68.070312321186066 80.374602541327477
leaf_count=1653 381 770 718 152 504 590 217 816 480 1329 199 1635 45 48 30 40 179 64 250 260 30 216 509 119 232 1008 578 68 306 329
internal_value=1.91671e-05 -0.00617322 0.0178411 -0.0098718 0.010266 -0.0134319 0.00867687 0.0283262 0.00546542 -0.0149229 -0.00123211 -0.00305709 -0.0174106 0.0113585 0.00800286 0.031459 0.0210654 -0.00114615 0.0223624 0.000270189 -0.0042694 0.00730358 0.0167905 0.01262 -0.0172164 -0.0181498 -0.0211178 -0.0134761 -0.00329428 0.00291835
internal_weight=3098.75 2299.7 799.052 1841.15 463.901 1303.87 458.558 335.151 321.145 1158.92 537.279 469.26 55.1344 68.0187 18.292 20.473 142.756 414.126 196.253 211.06 150.142 58.1108 190.354 143.695 843.002 785.921 480.67 305.251 83.1902 268.204
internal_count=13755 9921 3834 7977 2050 5764 1944 1784 1367 5174 2213 1926 227 287 75 88 683 1699 968 887 627 246 845 628 3845 3613 2231 1382 374 1099
is_linear=0
shrinkage=0.05


Tree=27
num_leaves=31
num_cat=0
split_feature=0 3 3 5 6 7 5 5 10 5 4 1 6 2 1 10 2 35 2 1 2 4 1 1 2 7 1 14 6 8
split_gain=124.382 45.7594 23.6467 20.6102 10.0455 9.33072 7.81587 6.4666 5.12647 4.82455 4.69298 5.19497 4.59084 5.6768 5.70505 6.85306 4.92633 4.68808 4.38794 4.36697 4.33902 5.0908 4.56863 4.32712 4.20761 4.77297 4.24265 4.02681 4.02405 4.01504
threshold=1.0000000180025095e-35 1.0000000180025095e-35 1.0000000180025095e-35 1.0000000180025095e-35 1.0000000180025095e-35 1.0000000180025095e-35 1.0000000180025095e-35 1.0000000180025095e-35 1.0000000180025095e-35 1.0000000180025095e-35 1.0000000180025095e-35 23.500000000000004 1.0000000180025095e-35 52.500000000000007 41.500000000000007 1.0000000180025095e-35 26.500000000000004 1.0000000180025095e-35 20.500000000000004 35.500000000000007 43.500000000000007 1.0000000180025095e-35 37.500000000000007 67.500000000000014 39.500000000000007 1.0000000180025095e-35 49.500000000000007 1.0000000180025095e-35 1.0000000180025095e-35 1.0000000180025095e-35
decision_type=2 2 2 2 2 2 2 2 2 2 2 2 2 2 2 2 2 2 2 2 2 2 2 2 2 2 2 2 2 2
left_child=1 3 5 4 20 10 -3 24 -6 -7 11 -2 13 14 16 -16 -5 -14 -13 -9 21 -1 -23 29 25 26 -4 -15 -20 -22
right_child=2 6 7 12 8 9 -8 19 -10 -11 -12 18 17 27 15 -17 -18 -19 28 -21 23 22 -24 -25 -26 -27 -28 -29 -30 -31
leaf_value=-0.014657914492695809 -0.044316201661749474 0.0027730669537912693 0.013596365382561634 -0.017960374974252628 -0.0082810893525279618 0.013014002482130816 0.01604283933945326 0.05222295667017593 0.0078098854846202258 0.030603468956051257 0.018384441970592153 0.047571641398981519 0.040729965515539424 0.038245142107897888 -0.02888491153755492 0.0034190461190517921 0.00028871225870351206 0.0042232356926527976 -0.0017403367772980138 0.030821352798358393 -0.031678739516523606 -0.017083584831247198 0.010247360436954261 0.02363026807324602 0.035268504272612369 0.027786672166495819 -0.022867110910682133 -0.0079542828440166552 0.015249749251034353 -0.014567907392041191
leaf_weight=849.42158445715904 6.0717092752456656 268.14984047412872 77.616580873727798 43.004366010427475 167.96139387786388 117.10475546121597 189.30408869683743 30.816964507102966 70.181377649307251 58.438978597521782 48.63507117331028 5.2850764840841284 9.4487803131341916 13.19844761490822 47.953747808933258 24.964859947562218 264.03982162475586 126.91280284523964 183.61513352394104 105.21652917563915 81.864956900477409 24.650986090302467 40.266489297151566 4.8272857517004004 42.95366208255291 64.907500743865967 8.891227573156355 7.3393762111663809 43.015239119529724 58.986156970262527
leaf_count=3852 25 1099 351 179 695 524 845 185 286 315 229 22 39 54 198 103 1089 521 748 631 381 102 164 21 225 353 39 30 187 263
internal_value=1.92136e-05 -0.00588394 0.0170939 -0.00941098 -0.0128186 0.00979157 0.00826438 0.0273083 -0.00353903 0.0188696 0.00423168 0.00133942 -0.00117106 -0.00386898 -0.00525295 -0.0178251 -0.00226724 0.00675286 0.00253471 0.0356697 -0.0149034 -0.0136265 -0.000130966 -0.0229177 0.0214564 0.0175382 0.00984867 0.0217354 0.00148444 -0.024513
internal_weight=3085.04 2292.48 792.568 1835.02 1298.16 462.166 457.454 330.402 238.143 175.544 286.622 237.987 536.862 400.501 379.963 72.9186 307.044 136.362 231.915 136.033 1060.02 914.339 64.9175 145.678 194.369 151.415 86.5078 20.5378 226.63 140.851
internal_count=13755 9921 3834 7977 5764 2050 1944 1784 981 839 1211 982 2213 1653 1569 301 1268 560 957 816 4783 4118 266 665 968 743 390 84 935 644
is_linear=0
shrinkage=0.05


Tree=28
num_leaves=31
num_cat=0
split_feature=0 3 3 5 6 4 5 5 7 8 2 2 1 7 1 9 4 9 4 9 1 2 1 4 1 2 31 1 12 6
split_gain=113.123 41.4327 22.0171 18.7447 9.1698 8.5457 7.11765 6.18736 5.89922 5.73299 4.90777 5.5582 4.70844 4.48125 4.23311 4.20438 4.85907 4.18899 4.11154 4.08284 4.03249 3.97955 3.88099 3.87991 4.65452 4.61759 6.61254 5.57574 5.95325 6.61856
threshold=1.0000000180025095e-35 1.0000000180025095e-35 1.0000000180025095e-35 1.0000000180025095e-35 1.0000000180025095e-35 1.0000000180025095e-35 1.0000000180025095e-35 1.0000000180025095e-35 1.0000000180025095e-35 1.0000000180025095e-35 35.500000000000007 45.500000000000007 23.500000000000004 1.0000000180025095e-35 35.500000000000007 1.0000000180025095e-35 1.0000000180025095e-35 1.0000000180025095e-35 1.0000000180025095e-35 1.0000000180025095e-35 22.500000000000004 20.500000000000004 52.500000000000007 1.0000000180025095e-35 28.500000000000004 49.500000000000007 1.0000000180025095e-35 50.500000000000007 1.0000000180025095e-35 1.0000000180025095e-35
decision_type=2 2 2 2 2 2 2 2 2 2 2 2 2 2 2 2 2 2 2 2 2 2 2 2 2 2 2 2 2 2
left_child=1 3 5 4 19 8 23 18 12 10 -10 -12 -2 17 -9 16 22 -5 -4 -1 -21 -14 -6 25 -25 27 -27 28 29 -3
right_child=2 6 7 13 15 -7 -8 14 9 -11 11 -13 21 -15 -16 -17 -18 -19 -20 20 -22 -23 -24 24 -26 26 -28 -29 -30 -31
leaf_value=-0.016125073304573655 -0.042287143292235013 -0.012709660687334224 0.016561947204523024 -0.0064714341886120009 -0.013225164039518839 0.023167416590680459 0.015316381716388215 0.051184193543584104 -0.0029904219493081031 0.026281844394297361 0.046813077725067459 -0.0038124101916721834 0.045395795208669598 0.0090176355231617582 0.029820623295300799 0.0062110639330877696 0.016463257268798819 0.0039503195166186991 0.033836054219164267 0.029422381669110338 -0.010038875456702782 0.0014115451845787145 0.020542682737227338 0.062791322159667429 0.010690796196431804 -0.00093295099120182341 0.059898228521867596 -0.033864641813190426 0.013224079886594828 0.01112669058142114
leaf_weight=769.46497777104378 6.0455565899610511 96.914827585220337 147.48353239893913 304.78691516816616 133.46241369843483 89.94401142001152 188.39245754480362 29.893815070390701 52.700498253107071 57.69659261405468 12.622987285256388 9.5036077797412855 5.2620535641908637 90.699641540646553 103.35807150602341 77.361520022153854 18.050336703658104 141.03787726163864 44.944762766361237 6.6279515326023093 278.68114052712917 226.46576695144176 9.08837743103504 4.9349487721920005 32.637652069330215 10.804722353816034 7.6166566461324683 12.802353754639624 60.764394506812096 41.632371380925179
leaf_count=3569 25 393 718 1259 558 448 845 185 239 278 59 44 22 379 631 312 74 575 250 28 1186 935 37 23 141 44 31 52 246 169
internal_value=1.93121e-05 -0.00560709 0.0163831 -0.00896995 -0.0122307 0.00934321 0.00786836 0.0263315 0.00598535 0.0144387 0.0053068 0.0250689 0.00127387 -0.0011134 0.0346133 -0.00336481 -0.0079775 -0.00317448 0.0205966 -0.0142308 -0.00912216 0.00241034 -0.0110723 0.00263484 0.0175339 0.000206589 0.0242188 -0.00187879 0.000175751 -0.00554702
internal_weight=3071.68 2285.76 785.921 1829.26 1292.74 460.241 456.5 325.68 370.297 132.524 74.8271 22.1266 237.773 536.524 133.252 237.963 160.601 445.825 192.428 1054.77 285.309 231.728 142.551 268.108 37.5726 230.535 18.4214 212.114 199.312 138.547
internal_count=13755 9921 3834 7977 5764 2050 1944 1784 1602 620 342 103 982 2213 816 981 669 1834 968 4783 1214 957 595 1099 164 935 75 860 808 562
is_linear=0
shrinkage=0.05


Tree=29
num_leaves=31
num_cat=0
split_feature=0 3 3 10 9 4 2 7 7 21 12 7 2 2 6 37 10 9 6 4 6 14 2 6 1 10 1 1 14 2
split_gain=102.843 37.5194 20.4757 14.9463 8.36629 8.31719 9.26105 7.9504 6.96915 6.72978 6.25521 5.68201 5.86792 5.3613 5.32489 5.25957 4.49559 4.23446 4.15666 4.14137 4.04886 4.09489 6.00668 3.96197 3.86603 5.56397 4.53625 3.8618 5.1235 3.29819
threshold=1.0000000180025095e-35 1.0000000180025095e-35 1.0000000180025095e-35 1.0000000180025095e-35 1.0000000180025095e-35 1.0000000180025095e-35 17.500000000000004 1.0000000180025095e-35 1.0000000180025095e-35 1.0000000180025095e-35 1.0000000180025095e-35 1.0000000180025095e-35 39.500000000000007 40.500000000000007 1.0000000180025095e-35 1.0000000180025095e-35 1.0000000180025095e-35 1.0000000180025095e-35 1.0000000180025095e-35 1.0000000180025095e-35 1.0000000180025095e-35 1.0000000180025095e-35 26.500000000000004 1.0000000180025095e-35 40.500000000000007 1.0000000180025095e-35 53.500000000000007 50.500000000000007 1.0000000180025095e-35 47.500000000000007
decision_type=2 2 2 2 2 2 2 2 2 2 2 2 2 2 2 2 2 2 2 2 2 2 2 2 2 2 2 2 2 2
left_child=1 3 7 5 9 6 -1 17 15 -5 -7 12 27 -12 -8 -3 -9 24 29 23 21 -17 -23 -13 -2 26 -26 -4 -29 -6
right_child=2 8 11 4 18 10 14 16 -10 -11 13 19 -14 -15 -16 20 -18 -19 -20 -21 -22 22 -24 -25 25 -27 -28 28 -30 -31
leaf_value=-0.066497352281997296 -0.0042340800871897696 0.022984610102117869 0.017166780865373918 -0.0071152666631238972 0.0056660802890677563 -0.0053800025261315707 -0.013402578803511337 0.010545482623282936 0.018715662559722686 0.035199812665304357 0.033121880963752216 0.02005151950969452 0.036940604344577029 -0.017658629382033497 -0.0047977700214673312 0.0023658990793429401 0.026890782050602337 0.01299928895672061 0.020754013389291927 0.045592783763445131 0.010775844939852062 0.040427819890382841 -0.018224129613270936 0.040828024302224881 0.011501368667821399 0.036386092272588169 -0.030148381411575383 -0.037810141039645861 0.029405229348297746 -0.026853949330136108
leaf_weight=7.8210163116455069 149.58241812884808 33.301802694797516 126.46638186275959 282.21423608064651 103.49170482158661 72.745496809482574 1043.5916863977909 100.72908423841 106.1518149971962 9.7197711616754514 23.252689629793171 66.974944710731506 37.258272171020508 6.6941233426332465 217.21260514855385 165.33411499857903 72.23340280354023 86.826379850506783 48.393571496009827 43.540713086724281 94.200119376182556 4.7696531713008872 51.485716164112091 34.90435516834259 24.431342259049416 15.786327004432676 8.9259767681360227 7.5111697614192945 4.5540443658828735 8.4319948405027372
leaf_count=35 629 141 641 1202 429 300 4715 473 481 41 97 386 205 28 896 687 366 374 199 285 403 20 212 210 102 68 38 35 22 35
internal_value=1.94979e-05 -0.00534361 0.0156936 -0.00854918 -0.00066683 -0.0111487 -0.0122566 0.00891199 0.00749693 -0.00570641 0.00253761 0.0253742 0.0193258 0.0217707 -0.0119201 0.00408553 0.0173717 0.00378785 0.00851013 0.0326858 0.00209251 -0.00159887 -0.0132513 0.0271697 -0.000236763 0.0119302 0.000356447 0.0145883 -0.0124395 0.00321612
internal_weight=3058.54 2278.81 779.725 1823.57 452.251 1371.32 1268.63 458.515 455.243 291.934 102.692 321.21 175.79 29.9468 1260.8 349.091 172.962 285.552 160.317 145.42 315.79 221.589 56.2554 101.879 198.726 49.1436 33.3573 138.532 12.0652 111.924
internal_count=13755 9921 3834 7977 1906 6071 5646 2050 1944 1243 425 1784 903 125 5611 1463 839 1211 663 881 1322 919 232 596 837 208 140 698 57 464
is_linear=0
shrinkage=0.05


Tree=30
num_leaves=31
num_cat=0
split_feature=0 3 3 5 5 7 5 5 10 9 1 1 4 1 7 1 12 2 9 7 33 1 12 2 7 6 1 1 2 4
split_gain=93.4657 33.9589 19.0479 16.791 8.265 8.18463 6.46937 6.02757 5.55185 5.21292 4.28766 4.15791 4.0638 4.63165 4.32588 5.55477 4.16581 4.1142 4.03117 4.00144 4.74264 4.71022 5.34198 3.8143 4.235 3.80122 4.47699 5.57839 3.79819 3.82946
threshold=1.0000000180025095e-35 1.0000000180025095e-35 1.0000000180025095e-35 1.0000000180025095e-35 1.0000000180025095e-35 1.0000000180025095e-35 1.0000000180025095e-35 1.0000000180025095e-35 1.0000000180025095e-35 1.0000000180025095e-35 51.500000000000007 35.500000000000007 1.0000000180025095e-35 28.500000000000004 1.0000000180025095e-35 35.500000000000007 1.0000000180025095e-35 27.500000000000004 1.0000000180025095e-35 1.0000000180025095e-35 1.0000000180025095e-35 30.500000000000004 1.0000000180025095e-35 39.500000000000007 1.0000000180025095e-35 1.0000000180025095e-35 53.500000000000007 46.500000000000007 32.500000000000007 1.0000000180025095e-35
decision_type=2 2 2 2 2 2 2 2 2 2 2 2 2 2 2 2 2 2 2 2 2 2 2 2 2 2 2 2 2 2
left_child=1 3 4 5 8 9 -3 23 25 -1 19 -9 13 17 -15 -16 -14 -5 -18 20 21 -6 -23 24 -4 26 27 -2 -8 -30
right_child=2 6 7 12 10 -7 28 11 -10 -11 -12 -13 16 14 15 -17 18 -19 -20 -21 -22 22 -24 -25 -26 -27 -28 -29 29 -31
leaf_value=-0.014754316220602502 -0.0049788357021444503 0.0021496458012768352 0.0077567723239884067 -0.032408090194261184 -0.045115915783168002 -3.7367490080824613e-05 0.026857244474605343 0.049652892752850619 0.013239296033358695 -0.0071774283181721844 0.048119207219785236 0.027999289089567999 0.0026548607086903727 -0.0028214575083616786 0.044868132403440529 0.004909952910497224 0.010468549462635098 -0.0041698554476763327 0.055632799894501428 0.026789892414342098 0.019048218406245262 0.020910497208818046 -0.027805949760414672 0.032236052119003808 0.024918420308222181 0.013439802439893213 -0.037548951425416997 0.026629135958694802 0.0064377010115690692 0.028046232715348007
leaf_weight=825.54809662699699 146.08949440717697 267.38812606036663 85.157756939530373 22.673106640577316 6.2570988386869457 144.46711015701294 45.406920582056046 28.488763973116875 108.3750314861536 313.10309432446957 11.348680540919302 99.94396898150444 47.471500545740128 348.80098442733288 10.290968805551527 56.170585095882416 11.56056372821331 29.921018734574318 8.6279320120811462 51.634021520614624 45.255424290895462 15.737477988004684 8.7591480612754822 41.044267281889915 62.208423003554344 38.748694330453873 9.347508564591406 15.433749020099638 116.61159193515778 24.877602621912956
leaf_count=3845 610 1099 390 94 27 590 217 185 480 1329 58 631 199 1433 43 233 48 123 40 288 202 70 38 225 353 173 39 65 509 119
internal_value=1.97259e-05 -0.00509013 0.0150286 -0.00814467 0.00849664 -0.0112484 0.0071381 0.0244496 0.0040511 -0.0126708 0.0186674 0.0328025 -0.000707925 -0.0023643 -0.000593831 0.0110971 0.0107456 -0.0163432 0.0297703 0.0160489 0.0087524 -0.00639834 0.00349118 0.0187558 0.0150013 -0.000699279 -0.00390563 -0.00195865 0.014275 0.0102371
internal_weight=3046.75 2272.92 773.83 1818.63 456.986 1283.12 454.284 316.843 317.994 1138.65 138.992 128.433 535.517 467.857 415.263 66.4616 67.66 52.5941 20.1885 127.643 76.0091 30.7537 24.4966 188.41 147.366 209.619 170.871 161.523 186.896 141.489
internal_count=13755 9921 3834 7977 2050 5764 1944 1784 1367 5174 683 816 2213 1926 1709 276 287 217 88 625 337 135 108 968 743 887 714 675 845 628
is_linear=0
shrinkage=0.05


Tree=31
num_leaves=31
num_cat=0
split_feature=0 3 3 5 4 6 7 5 37 9 0 10 33 6 5 1 12 1 4 6 1 35 6 33 10 1 8 5 0 6
split_gain=84.9637 30.7443 17.6974 15.2524 7.70774 7.70704 6.34693 5.74449 4.77174 4.67034 5.50088 4.25781 4.14525 6.7973 5.61701 5.57091 4.40157 4.03323 3.83581 3.73974 4.28635 4.23833 3.65473 3.92513 5.52309 4.11094 5.27447 3.78326 3.53925 3.93099
threshold=1.0000000180025095e-35 1.0000000180025095e-35 1.0000000180025095e-35 1.0000000180025095e-35 1.0000000180025095e-35 1.0000000180025095e-35 1.0000000180025095e-35 1.0000000180025095e-35 1.0000000180025095e-35 1.0000000180025095e-35 3.5000000000000004 1.0000000180025095e-35 1.0000000180025095e-35 1.0000000180025095e-35 1.0000000180025095e-35 34.500000000000007 1.0000000180025095e-35 35.500000000000007 1.0000000180025095e-35 1.0000000180025095e-35 38.500000000000007 1.0000000180025095e-35 1.0000000180025095e-35 1.0000000180025095e-35 1.0000000180025095e-35 41.500000000000007 1.0000000180025095e-35 1.0000000180025095e-35 1.5000000000000002 1.0000000180025095e-35
decision_type=2 2 2 2 2 2 2 2 2 2 2 2 2 2 2 2 2 2 2 2 2 2 2 2 2 2 2 2 2 2
left_child=1 3 4 5 9 -1 8 18 -3 12 -11 -7 13 15 -15 16 -2 -9 -4 20 -5 -21 23 -10 -25 26 27 -26 -6 -30
right_child=2 6 7 19 28 11 -8 17 22 10 -12 -13 -14 14 -16 -17 -18 -19 -20 21 -22 -23 -24 24 25 -27 -28 -29 29 -31
leaf_value=-0.012580137439051953 -0.050204543381537084 0.021601559066088252 0.014076426817173873 7.9521183808818141e-05 0.028561262017977946 -0.0069282800836258278 0.017560171678640695 0.048691295618230802 0.0060237879393569161 0.015663410794774936 -0.036857683268824021 0.0077627414274980188 0.0064521568899344704 0.00055971022306557669 0.055522014307877482 -0.0053408386478059275 -0.0012142117890413329 0.027065779349700305 0.031116587284385072 0.03893397735829298 -0.011525478636587606 0.0040858774525198661 0.0099194268662789603 -0.014894376592810628 0.0012870380692964118 0.038578563527949819 -0.022952187628380735 0.047396578397730066 -0.0058017725189529103 0.032393282088268888
leaf_weight=1041.2614562213421 14.758644402027132 33.108364939689636 143.80041036009789 289.15951174497604 58.250020623207092 167.02287824451923 105.18988300859928 27.620963841676712 92.137378171086311 109.66615521907806 5.2228882759809485 69.985879972577095 148.96819950640202 13.95426592230797 6.9706121087074271 61.0078354626894 6.6510690897703162 98.264961838722229 42.871449649333954 9.3707271963357908 109.77442257106304 126.66129048168659 93.769425019621849 85.313484415411949 13.871294841170313 8.3218323439359647 15.029478847980497 6.5488817989826194 19.522331744432449 10.285519033670427
leaf_count=4783 63 141 718 1198 295 695 481 185 384 487 24 286 645 61 36 258 28 631 250 39 455 521 403 352 56 35 63 29 97 56
internal_value=2.00716e-05 -0.00484963 0.014395 -0.00776124 0.00810529 -0.0107279 0.00679728 0.0235564 0.00354492 0.00491934 0.0132758 -0.0025902 0.00111426 -0.00658033 0.0188691 -0.0130416 -0.0349854 0.0318107 0.0179899 -0.000672653 -0.00311382 0.00648643 0.00164702 -0.00185941 -0.00748622 0.00695275 -0.000471428 0.0160747 0.0213906 0.00737784
internal_weight=3034.34 2266.53 767.815 1813.24 455.258 1278.27 453.29 312.558 348.1 367.2 114.889 237.009 252.311 103.342 20.9249 82.4175 21.4097 125.886 186.672 534.966 398.934 136.032 314.992 221.222 129.085 43.7715 35.4497 20.4202 88.0579 29.8079
internal_count=13755 9921 3834 7977 2050 5764 1944 1784 1463 1602 511 981 1091 446 97 349 91 816 968 2213 1653 560 1322 919 535 183 148 85 448 153
is_linear=0
shrinkage=0.05


Tree=32
num_leaves=31
num_cat=0
split_feature=0 3 3 5 7 5 7 5 10 9 1 9 37 1 1 1 7 4 1 7 1 12 9 2 2 7 1 37 1 1
split_gain=77.1954 27.8269 16.4271 13.8526 7.4098 7.36898 5.78078 5.47752 4.98768 4.78581 4.51528 4.67505 4.6099 4.02572 3.91286 3.79483 3.73738 3.64506 4.26573 3.87998 5.0473 3.82115 3.77553 3.72471 3.60603 3.977 3.65924 3.46987 3.46808 3.52865
threshold=1.0000000180025095e-35 1.0000000180025095e-35 1.0000000180025095e-35 1.0000000180025095e-35 1.0000000180025095e-35 1.0000000180025095e-35 1.0000000180025095e-35 1.0000000180025095e-35 1.0000000180025095e-35 1.0000000180025095e-35 44.500000000000007 1.0000000180025095e-35 1.0000000180025095e-35 51.500000000000007 35.500000000000007 67.500000000000014 1.0000000180025095e-35 1.0000000180025095e-35 28.500000000000004 1.0000000180025095e-35 35.500000000000007 1.0000000180025095e-35 1.0000000180025095e-35 27.500000000000004 39.500000000000007 1.0000000180025095e-35 49.500000000000007 1.0000000180025095e-35 53.500000000000007 32.500000000000007
decision_type=2 2 2 2 2 2 2 2 2 2 2 2 2 2 2 2 2 2 2 2 2 2 2 2 2 2 2 2 2 2
left_child=1 3 5 4 9 8 10 24 28 15 12 -12 -3 16 -9 -1 27 18 23 -20 -21 -19 -23 -5 25 26 -4 -7 29 -2
right_child=2 6 7 17 -6 13 -8 14 -10 -11 11 -13 -14 -15 -16 -17 -18 21 19 20 -22 22 -24 -25 -26 -27 -28 -29 -30 -31
leaf_value=-0.013961638327212304 -0.012528566093779224 0.024759021098303777 0.010115334753751995 -0.030952107547006648 0.000438747199638884 0.039309105592465067 0.01677961324042106 0.047754069436413277 0.012278633611802635 -0.0063210297937954137 -0.020279261710267192 0.010699804544546243 0.0037531340565599425 0.046377855041634553 0.026154469539135507 0.018641151961792626 0.025399097805089817 0.002503942614015819 -0.0026168567356450881 0.042952446569628183 0.004700381337111704 0.0099797593979087645 0.053982533078232864 -0.0040571931822299175 0.030540222566853112 0.023334350312717401 -0.023903973714934169 0.0041766024940202246 -0.027049754169553249 0.0040278497328127636
leaf_weight=808.625253662467 40.511349201202393 28.984365403652191 75.549825042486191 22.602141752839088 144.34294232726097 7.8436197787523261 104.59450896084309 26.7764603048563 107.69830942153931 311.76633439958096 36.144173115491867 18.366935536265373 264.16387644410133 11.032266110181807 96.646300584077835 9.0249102711677534 50.553668692708015 47.43269057571888 348.4818918555975 10.189602762460707 56.112276509404182 11.537322580814362 8.4416006505489349 29.907834023237228 39.966344401240349 60.743219092488289 8.8282772749662382 67.590598046779633 12.011485189199446 156.52818389236927
leaf_count=3804 170 124 351 94 590 35 481 185 480 1329 150 78 1111 58 631 41 288 199 1433 43 233 48 40 123 225 353 39 302 51 666
internal_value=2.02674e-05 -0.00461933 0.0137801 -0.00739339 -0.0102287 0.00772793 0.00647351 0.0226818 0.00353719 -0.011592 0.00337288 -0.0098412 0.00583004 0.0174157 0.0308405 -0.0136018 0.0148795 -0.000639283 -0.00220725 -0.000507517 0.0105791 0.0102298 0.028572 -0.0156337 0.0172414 0.0135789 0.00655598 0.00782967 -0.000966199 0.000623849
internal_weight=3023 2260.72 762.28 1808.46 1273.76 453.769 452.254 308.51 316.749 1129.42 347.659 54.5111 293.148 137.02 123.423 817.65 125.988 534.705 467.294 414.784 66.3019 67.4116 19.9789 52.51 185.088 145.121 84.3781 75.4342 209.051 197.04
internal_count=13755 9921 3834 7977 5764 2050 1944 1784 1367 5174 1463 228 1235 683 816 3845 625 2213 1926 1709 276 287 88 217 968 743 390 337 887 836
is_linear=0
shrinkage=0.05


Tree=33
num_leaves=31
num_cat=0
split_feature=0 10 4 4 6 2 9 6 8 2 2 2 12 32 1 34 31 2 2 1 1 2 1 6 12 14 1 1 2 8
split_gain=70.1407 23.0285 14.106 12.6296 9.8947 7.79107 7.35524 7.03937 5.86137 5.04462 4.88264 4.87973 5.0236 4.65557 4.90863 4.32002 5.36218 4.43103 4.28404 5.20792 4.2826 4.23936 4.03507 3.9305 3.91837 3.67562 3.6255 3.54492 5.79942 3.4556
threshold=1.0000000180025095e-35 1.0000000180025095e-35 1.0000000180025095e-35 1.0000000180025095e-35 1.0000000180025095e-35 17.500000000000004 1.0000000180025095e-35 1.0000000180025095e-35 1.0000000180025095e-35 72.500000000000014 35.500000000000007 40.500000000000007 1.0000000180025095e-35 1.0000000180025095e-35 24.500000000000004 1.0000000180025095e-35 1.0000000180025095e-35 20.500000000000004 42.500000000000007 49.500000000000007 38.500000000000007 30.500000000000004 42.500000000000007 1.0000000180025095e-35 1.0000000180025095e-35 1.0000000180025095e-35 43.500000000000007 61.500000000000007 55.500000000000007 1.0000000180025095e-35
decision_type=2 2 2 2 2 2 2 2 2 2 2 2 2 2 2 2 2 2 2 2 2 2 2 2 2 2 2 2 2 2
left_child=1 3 4 5 8 -1 -3 9 10 29 -2 12 -5 14 -9 17 -17 -16 -12 20 24 -14 -6 -8 -20 -13 -22 28 -10 -7
right_child=2 6 -4 11 22 7 23 13 27 -11 18 25 21 -15 15 16 -18 -19 19 -21 26 -23 -24 -25 -26 -27 -28 -29 -30 -31
leaf_value=-0.053444469142905439 -0.003419102899314708 -0.00037805907538698727 0.026095787089277941 0.0045813742945014415 0.024924267881983313 -0.012668309061527811 0.0062577913223002355 -0.030802295940138464 0.012227055215944443 0.041894628427021637 0.025579449601196298 -0.0012628497209683117 -0.0037964243948118582 0.047324024777450936 -0.050961434191505783 0.06249048969140545 0.0016547332908998628 -0.0014095750217340982 -0.0073408051481610578 0.036081251338158218 -0.067122830321348304 0.037888218897312129 0.004749638641262665 0.020181979167385539 0.039768601022405405 -0.043838109888113257 -0.0094778382031234249 -0.027211195791712346 0.063617973549286111 -0.0071750279668714584
leaf_weight=9.7496402412652952 183.6647709608078 402.36348186433315 165.47491465508938 78.033580303192139 118.22857753932476 714.95112626254559 154.10520519316196 14.315752655267714 172.31458044052124 4.617357298731803 31.986128926277161 19.172070562839512 8.0484307110309583 4.8094494342803946 4.5981079041957846 5.8838874697685215 9.4228177517652512 239.64173126220703 16.645968154072765 8.6233197003602964 4.5340776294469816 25.187467709183693 31.358144775032997 75.516986221075058 6.0067831426858893 6.8916562795639029 6.8461542278528214 5.4124116599559775 5.6703883558511725 477.4840290248394
leaf_count=44 848 1730 960 332 622 3266 651 60 833 20 150 81 36 20 19 25 40 1001 78 43 21 110 162 322 29 29 32 26 30 2135
internal_value=2.03635e-05 -0.00440029 0.0131918 -0.00755362 0.00958052 -0.0088948 0.0036968 -0.00860048 0.00581651 -0.0102667 0.000963267 0.00695335 0.0115149 -0.00144326 -0.00229969 -0.000727576 0.02504 -0.00234245 0.0117465 0.00137377 -0.00742046 0.0277938 0.020695 0.0108371 0.0051511 -0.0125204 -0.0324446 0.0126521 0.0138643 -0.0104686
internal_weight=3011.56 2254.79 756.766 1622.81 591.291 1485.47 631.986 1475.72 441.705 1197.05 258.307 137.333 111.269 278.672 273.862 259.547 15.3067 244.24 74.6424 42.6563 34.033 33.2359 149.587 229.622 22.6528 26.0637 11.3802 183.397 177.985 1192.44
internal_count=13755 9921 3834 7218 2874 6630 2703 6586 2090 5421 1201 588 478 1165 1145 1085 65 1020 353 203 160 146 784 973 107 110 53 889 863 5401
is_linear=0
shrinkage=0.05


Tree=34
num_leaves=31
num_cat=0
split_feature=0 3 3 5 5 7 5 7 2 9 6 9 4 6 1 4 2 1 7 33 1 12 2 6 35 1 10 2 2 4
split_gain=63.6534 24.6619 15.1448 12.2795 6.67881 6.57678 5.67269 5.25633 5.14623 4.53051 4.61233 4.18859 4.00213 3.78723 3.78331 3.52593 3.52567 3.46637 3.45321 4.27366 4.16213 4.88307 3.34081 3.94585 4.31648 4.20054 4.813 3.99091 3.49462 3.33484
threshold=1.0000000180025095e-35 1.0000000180025095e-35 1.0000000180025095e-35 1.0000000180025095e-35 1.0000000180025095e-35 1.0000000180025095e-35 1.0000000180025095e-35 1.0000000180025095e-35 39.500000000000007 1.0000000180025095e-35 1.0000000180025095e-35 1.0000000180025095e-35 1.0000000180025095e-35 1.0000000180025095e-35 51.500000000000007 1.0000000180025095e-35 32.500000000000007 67.500000000000014 1.0000000180025095e-35 1.0000000180025095e-35 30.500000000000004 1.0000000180025095e-35 55.500000000000007 1.0000000180025095e-35 1.0000000180025095e-35 41.500000000000007 1.0000000180025095e-35 26.500000000000004 42.500000000000007 1.0000000180025095e-35
decision_type=2 2 2 2 2 2 2 2 2 2 2 2 2 2 2 2 2 2 2 2 2 2 2 2 2 2 2 2 2 2
left_child=1 3 4 5 9 11 -3 8 -4 -2 -11 17 13 -9 18 -12 -8 -1 19 20 -6 -22 23 25 -25 27 28 -5 -27 -18
right_child=2 6 7 22 14 -7 16 12 -10 10 15 -13 -14 -15 -16 -17 29 -19 -20 -21 21 -23 -24 24 -26 26 -28 -29 -30 -31
leaf_value=-0.013021315305246429 -0.0012234749714996878 0.001596262970240292 0.01089523646190816 -0.015404536621251352 -0.043935519578353843 0.0005619728410336764 0.02524102332254732 0.016001831244226047 0.032558504963652 0.0056321535865734513 0.020471782093189131 -0.0058474381490829092 0.042085980871316375 0.03709393570534078 0.04461933718196022 0.066510446648874497 0.0055670865096807843 0.018093738591989407 0.02391186571387157 0.016763073423561169 0.018725479745869047 -0.028051410172802594 0.020422528209061725 0.04006026596064334 0.0038349181163042064 -0.031173117512152133 0.0032066081359322612 0.001094473898686805 -0.00040993505528415643 0.025939088106607229
leaf_weight=801.89520850777626 216.73604787886143 266.47954550385475 132.89308948814869 42.527348920702934 6.2473929971456554 144.17796902358532 44.602303504943848 63.190041020512581 34.539803892374039 74.910308197140694 18.238437548279766 310.82554513216019 39.199211083352566 32.090604886412621 10.711983263492582 5.3872225582599631 115.82278341054916 9.0520992428064329 49.407170742750168 44.471951529383659 15.458928525447845 8.7297984063625336 18.511183053255081 8.8100521266460401 123.46787461638451 37.058661475777626 25.60325463116169 265.2891478985548 12.294180601835249 24.303808555006981
leaf_count=3804 930 1099 698 179 27 590 217 386 205 325 83 1329 285 210 58 29 509 41 288 202 70 38 76 37 509 155 106 1100 51 119
internal_value=2.01766e-05 -0.00418823 0.0126123 -0.00680902 0.00680301 -0.00949046 0.00626405 0.0212768 0.0153642 0.00281793 0.0117073 -0.0107825 0.0286382 0.0231057 0.0161077 0.0309697 0.0129975 -0.012674 0.0136509 0.00688306 -0.00755319 0.00184353 -0.000446938 -0.001197 0.00624762 -0.0037697 -0.0143841 -0.001185 -0.0235098 0.00910044
internal_weight=3002.93 2250.72 752.212 1799.51 450.299 1265.95 451.208 301.913 167.433 315.272 98.536 1121.77 134.48 95.2806 135.027 23.6257 184.729 810.947 124.315 74.9081 30.4361 24.1887 533.562 515.051 132.278 382.773 74.9561 307.816 49.3528 140.127
internal_count=13755 9921 3834 7977 2050 5764 1944 1784 903 1367 437 5174 881 596 683 112 845 3845 625 337 135 108 2213 2137 546 1591 312 1279 206 628
is_linear=0
shrinkage=0.05


Tree=35
num_leaves=31
num_cat=0
split_feature=0 3 3 5 6 7 5 1 5 2 1 10 7 2 1 8 19 10 37 2 2 7 9 2 10 0 0 19 10 6
split_gain=57.8224 22.32 14.018 11.1468 6.37244 6.32588 5.30196 5.18289 4.62273 4.05059 3.88757 3.66743 3.6324 5.98928 3.62489 3.78928 4.2358 3.57354 3.47844 3.36851 3.17894 3.17208 3.25461 3.16763 3.86618 3.89038 3.49276 3.39141 3.15336 3.13888
threshold=1.0000000180025095e-35 1.0000000180025095e-35 1.0000000180025095e-35 1.0000000180025095e-35 1.0000000180025095e-35 1.0000000180025095e-35 1.0000000180025095e-35 44.500000000000007 1.0000000180025095e-35 43.500000000000007 35.500000000000007 1.0000000180025095e-35 1.0000000180025095e-35 35.500000000000007 67.500000000000014 1.0000000180025095e-35 1.0000000180025095e-35 1.0000000180025095e-35 1.0000000180025095e-35 23.500000000000004 17.500000000000004 1.0000000180025095e-35 1.0000000180025095e-35 39.500000000000007 1.0000000180025095e-35 3.5000000000000004 1.5000000000000002 1.0000000180025095e-35 1.0000000180025095e-35 1.0000000180025095e-35
decision_type=2 2 2 2 2 2 2 2 2 2 2 2 2 2 2 2 2 2 2 2 2 2 2 2 2 2 2 2 2 2
left_child=1 3 5 4 9 29 23 8 18 12 -8 -7 20 19 15 16 -11 -6 -3 -14 -1 22 -5 24 -4 -26 27 -25 -17 -2
right_child=2 7 6 21 17 11 10 -9 -10 14 -12 -13 13 -15 -16 28 -18 -19 -20 -21 -22 -23 -24 26 25 -27 -28 -29 -30 -31
leaf_value=-0.046574101782964915 -0.00073775841370689614 0.022670416817884408 0.0040799183956294928 -0.0050804811509417742 -0.0056282144529627891 0.007999273696206002 0.046099740208109453 -0.0063707424045477516 0.015054575696683859 -0.018439770798411987 0.023974534369400197 0.023061458187550982 0.02772379990411766 0.03225303251878029 0.023956582256663656 -0.016737781947920118 -0.042554534032866159 0.0078523414742370269 0.0017522820354134991 -0.008291530233331023 -0.010320476654756321 0.0081244443848833923 0.0041335709855505809 0.052751635041659785 0.024784246186690232 -0.015712739196528762 0.0097790143769711981 0.0098102469265029871 0.011281272486123668 0.012385691175078491
leaf_weight=6.0935933589935294 224.87129428982735 22.007674634456635 77.221672415733337 302.84836882352829 166.11093185842037 98.096808657050133 25.258987955749035 71.615629076957703 151.6972674280405 49.548173531889915 92.779266238212585 68.727319777011871 7.1193422526121131 12.359090283513067 4.8222952187061301 44.233141019940376 28.791376531124115 69.826747328042984 204.95761127769947 73.721850916743279 786.03617307543755 90.150377035140991 140.2072257399559 16.081816554069523 58.090478509664536 6.604708492755889 15.748304635286329 6.4389744848012915 12.990814030170439 57.141852602362633
leaf_count=30 947 91 393 1259 695 473 185 307 701 240 631 366 29 50 21 206 141 286 845 302 3707 379 575 92 314 36 95 38 57 264
internal_value=2.02583e-05 -0.00398914 0.0120697 -0.00648615 -0.00904773 0.00648675 0.0204722 0.00596422 0.00829711 -0.010752 0.0287091 0.0142045 -0.0095008 -0.000163879 -0.0186425 -0.0201579 -0.0273024 -0.00163859 0.00378061 -0.00511981 -0.0105994 -0.000425046 -0.00216465 0.0150762 0.0116336 0.0206499 0.0278426 0.0404742 -0.010377 0.00192133
internal_weight=2992.2 2245.14 747.061 1794.86 1261.65 448.837 298.224 450.278 378.663 1025.72 118.038 166.824 885.33 93.2003 140.386 135.564 78.3396 235.938 226.965 80.8412 792.13 533.206 443.056 180.186 141.917 64.6952 38.2691 22.5208 57.224 282.013
internal_count=13755 9921 3834 7977 5764 2050 1784 1944 1637 4783 816 839 4118 381 665 644 381 981 936 331 3737 2213 1834 968 743 350 225 130 263 1211
is_linear=0
shrinkage=0.05


Tree=36
num_leaves=31
num_cat=0
split_feature=7 3 3 9 10 5 10 31 6 2 1 37 0 2 1 10 10 2 1 2 1 1 6 2 2 2 34 1 5 2
split_gain=53.2791 24.8947 12.1663 10.1482 6.87361 5.83348 5.64032 7.73051 7.56712 7.35412 5.3584 4.21062 4.13458 4.06617 6.60686 3.93042 3.86567 4.4204 3.7934 7.75494 3.73726 3.71995 3.61216 5.50949 5.55175 3.57536 3.39996 3.77311 3.37502 3.55237
threshold=1.0000000180025095e-35 1.0000000180025095e-35 1.0000000180025095e-35 1.0000000180025095e-35 1.0000000180025095e-35 1.0000000180025095e-35 1.0000000180025095e-35 1.0000000180025095e-35 1.0000000180025095e-35 48.500000000000007 27.500000000000004 1.0000000180025095e-35 1.0000000180025095e-35 35.500000000000007 47.500000000000007 1.0000000180025095e-35 1.0000000180025095e-35 21.500000000000004 28.500000000000004 22.500000000000004 59.500000000000007 23.500000000000004 1.0000000180025095e-35 19.500000000000004 23.500000000000004 46.500000000000007 1.0000000180025095e-35 26.500000000000004 1.0000000180025095e-35 36.500000000000007
decision_type=2 2 2 2 2 2 2 2 2 2 2 2 2 2 2 2 2 2 2 2 2 2 2 2 2 2 2 2 2 2
left_child=1 3 4 5 13 15 7 8 -3 11 -10 -9 16 -2 -15 -1 17 -5 19 -8 28 -19 23 -7 -25 -12 27 -24 29 -4
right_child=2 6 20 12 -6 22 18 9 10 -11 25 -13 -14 14 -16 -17 -18 21 -20 -21 -22 -23 26 24 -26 -27 -28 -29 -30 -31
leaf_value=-0.012190483263504637 -0.0015027578206922836 -0.010354561299781826 0.01273998279380208 -0.032327903052126052 0.01571891793587615 0.049347428987603796 -0.017447003192623895 0.042802615287543241 -0.043358018723302742 0.056811820939535379 0.022480361483114355 0.0056470445483615354 0.0097410411203984332 0.021646834437049678 -0.018576552039219537 -0.0040773029392509883 0.0051683053904627036 0.027767547162358304 0.010106576566625494 0.046547798684948891 -0.015334096599663031 -0.0048562754077456265 -0.033981261499087159 -0.038396832829687449 -0.0051585129502583907 -0.020938411385402287 0.042545016509911743 0.0064779499492872029 0.030058261812821552 0.031412772557644193
leaf_weight=760.78311732411385 180.12090836465359 137.55285440385342 95.048742473125458 14.315053939819334 157.56533448398113 4.4421955645084372 6.2911684513092068 8.2794785350561124 3.9535453021526328 8.5498936176300031 40.002985879778862 96.45486344397068 85.092439860105515 49.339347168803215 12.87231260538101 185.71969431638718 125.61425702273846 8.9993181377649289 184.8311802148819 19.126085683703423 6.5338021963834754 300.80930206179619 6.2677882462739936 13.213550701737402 255.15394787490368 5.3789236396551123 5.9131842255592337 71.466740012168884 97.360541358590126 34.794775232672691
leaf_count=3619 790 613 504 62 739 19 30 37 19 41 190 433 374 221 58 821 521 38 886 92 37 1283 26 57 1076 25 25 298 632 189
internal_value=1.99604e-05 -0.00345186 0.0128863 -0.00616499 0.00758943 -0.00854544 0.00631688 0.00191803 -0.00432912 0.0122241 0.0124705 0.00858427 -0.000365719 0.00230361 0.0133242 -0.0105985 -0.00227796 -0.00516377 0.0125971 0.0307081 0.0219486 -0.00390862 -0.00309382 -0.00588089 -0.00679506 0.0173341 0.00599595 0.0032157 0.0230208 0.0177438
internal_weight=2981.85 2348.21 633.636 1837.79 399.898 1302.96 510.421 300.173 186.888 113.284 49.3355 104.734 534.83 242.333 62.2117 946.503 449.738 324.124 210.248 25.4173 233.738 309.809 356.457 272.81 268.367 45.3819 83.6477 77.7345 227.204 129.844
internal_count=13755 10585 3170 8219 1808 5941 2366 1358 847 511 234 470 2278 1069 279 4440 1904 1383 1008 122 1362 1321 1501 1152 1133 215 349 324 1325 693
is_linear=0
shrinkage=0.05


Tree=37
num_leaves=31
num_cat=0
split_feature=0 3 5 4 5 10 9 5 14 1 7 4 1 14 1 7 4 14 2 2 1 1 10 7 2 1 4 1 2 2
split_gain=49.9636 17.8367 13.0007 10.1838 7.64473 7.38307 5.09417 4.6396 4.56525 4.9379 4.30396 4.16409 7.53008 5.00908 7.90306 5.45096 3.93947 3.86044 4.6972 3.75029 3.74851 4.58639 4.45562 4.30719 3.8384 3.59057 3.32173 4.31697 4.31026 4.11434
threshold=1.0000000180025095e-35 1.0000000180025095e-35 1.0000000180025095e-35 1.0000000180025095e-35 1.0000000180025095e-35 1.0000000180025095e-35 1.0000000180025095e-35 1.0000000180025095e-35 1.0000000180025095e-35 53.500000000000007 1.0000000180025095e-35 1.0000000180025095e-35 47.500000000000007 1.0000000180025095e-35 49.500000000000007 1.0000000180025095e-35 1.0000000180025095e-35 1.0000000180025095e-35 59.500000000000007 55.500000000000007 28.500000000000004 41.500000000000007 1.0000000180025095e-35 1.0000000180025095e-35 38.500000000000007 38.500000000000007 1.0000000180025095e-35 28.500000000000004 34.500000000000007 49.500000000000007
decision_type=2 2 2 2 2 2 2 2 2 2 2 2 2 2 2 2 2 2 2 2 2 2 2 2 2 2 2 2 2 2
left_child=1 3 5 4 6 11 17 26 9 -5 -4 13 -13 -2 15 -15 -12 18 -1 20 -6 -22 23 -23 -24 -10 29 -28 -29 -3
right_child=2 7 10 8 19 -7 -8 -9 25 -11 16 12 -14 14 -16 -17 -18 -19 -20 -21 21 22 24 -25 -26 -27 27 28 -30 -31
leaf_value=-0.012883579773620108 -0.0053313547527760428 -0.0032095441486548431 0.014874477246380705 0.008430351050721303 -0.015268181413129165 0.014406511106777101 -0.004021156001474754 0.011357543918383461 0.0014781592721218246 0.05825099426061725 0.021838627268170666 0.022784343459731148 -0.031728460169413816 -0.0062107611652388048 0.054696588997880026 0.024404486338203798 0.042674125631708637 -0.0058114188698432344 -0.044462961611038319 0.022327323725011991 0.001982476539284835 -0.013446928699676428 -0.0093691697369172981 -0.052643997979401606 0.026479030725441773 -0.029178926114659859 0.05970257794325521 -0.028062262921305765 0.017595978194279702 0.021563193644704378
leaf_weight=593.21458418667316 179.98846589028835 210.88544656336308 140.36253637075424 121.84114287793636 51.724053040146828 186.91356527805328 321.22606751322746 182.17784632742405 30.300699979066849 5.1851777881383887 74.515123710036278 43.46260116994381 7.4158510416746131 43.052696898579597 8.7685900628566724 21.952563911676407 32.617119945585728 222.74216184020042 12.01377150416374 15.605294004082678 306.02379307150841 52.404155626893044 19.291444644331936 8.0905567109584791 12.182736814022062 13.946922704577444 4.6988875120878211 6.4742320924997321 25.639045685529709 18.207800790667534
leaf_count=2838 800 860 760 512 215 938 1377 845 126 22 492 232 39 182 39 105 247 1061 57 64 1265 219 80 33 50 58 23 28 113 75
internal_value=1.97261e-05 -0.00370858 0.011289 -0.00594659 -0.00717639 0.00658346 -0.00936571 0.00521078 0.00564615 0.010464 0.0206349 0.00178359 0.0148388 -0.000833927 0.0101386 0.00412814 0.0281821 -0.0114392 -0.0135104 -0.00176947 -0.00260564 -0.000959985 -0.0107509 -0.0186891 0.00450662 -0.008185 0.000999492 0.0149407 0.008391 -0.00124066
internal_weight=2972.92 2233.88 739.049 1785.79 1614.52 491.554 1149.2 448.083 171.274 127.026 247.495 304.641 50.8785 253.762 73.7739 65.0053 107.132 827.971 605.228 465.322 449.717 397.993 91.9689 60.4947 31.4742 44.2476 265.905 36.8122 32.1133 229.093
internal_count=13755 9921 3834 7977 7259 2335 5333 1944 718 534 1499 1397 271 1126 326 287 739 3956 2895 1926 1862 1647 382 252 130 184 1099 164 141 935
is_linear=0
shrinkage=0.05


Tree=38
num_leaves=31
num_cat=0
split_feature=7 3 4 8 4 6 9 1 0 1 12 1 6 1 10 1 0 37 34 14 1 10 1 31 6 1 6 14 1 1
split_gain=46.0839 20.6508 12.0841 9.73979 9.16903 7.22808 6.85393 5.55096 5.60195 4.89422 4.87843 5.82992 5.11114 6.75886 4.68295 3.93529 3.72931 3.64737 3.35099 3.28463 3.25506 3.14344 3.09897 3.07738 2.98248 2.81545 2.80861 2.86761 3.52265 3.47246
threshold=1.0000000180025095e-35 1.0000000180025095e-35 1.0000000180025095e-35 1.0000000180025095e-35 1.0000000180025095e-35 1.0000000180025095e-35 1.0000000180025095e-35 65.500000000000014 1.0000000180025095e-35 35.500000000000007 1.0000000180025095e-35 48.500000000000007 1.0000000180025095e-35 49.500000000000007 1.0000000180025095e-35 25.500000000000004 1.5000000000000002 1.0000000180025095e-35 1.0000000180025095e-35 1.0000000180025095e-35 24.500000000000004 1.0000000180025095e-35 37.500000000000007 1.0000000180025095e-35 1.0000000180025095e-35 21.500000000000004 1.0000000180025095e-35 1.0000000180025095e-35 28.500000000000004 25.500000000000004
decision_type=2 2 2 2 2 2 2 2 2 2 2 2 2 2 2 2 2 2 2 2 2 2 2 2 2 2 2 2 2 2
left_child=1 4 3 5 6 -2 10 8 17 -6 12 -12 18 -14 -5 -7 -10 19 20 -3 -1 22 -17 24 -11 -19 -27 28 29 -28
right_child=2 7 -4 14 9 15 -8 -9 16 23 11 -13 13 -15 -16 21 -18 25 -20 -21 -22 -23 -24 -25 -26 26 27 -29 -30 -31
leaf_value=-0.024841275310538351 -0.0030121710369246913 0.028298256266094876 0.025757514941612016 0.0098629566914909244 -0.0081096300338274283 -0.032849449203897839 -0.0017706765930701599 -0.042786427260397247 0.019668922017074097 -0.0020697766051265627 -0.011516099873664495 -0.031709249528439482 -0.0014753438747291748 0.037794410892086072 0.024209822587862251 0.038510174028368087 0.0037991476129358211 0.04300914829455784 0.0058386613501149104 -0.0077442552047812495 -0.0086246521030563378 0.029817989587653949 0.0013903073872590871 0.019900670526473086 0.019166822470291753 -0.0027160669447934167 0.0014419444568093541 0.022567129994883771 -0.0023749921650150912 0.059245956852241537
leaf_weight=32.591811239719391 194.10012975335121 23.612442016601562 128.07242975383997 132.32324981689453 51.216449588537216 3.9810994192957869 471.89394102990627 5.8324547111988059 103.04481290280819 57.068183898925781 311.08686546981335 40.383236736059189 129.65117101371288 11.968642860651014 99.758525528013706 6.9215759336948386 57.775010749697685 3.9333401024341574 37.9793571382761 8.6319641768932325 612.07267726957798 31.745397992432117 29.962629064917564 49.809752807021141 23.275987192988396 213.05890659987926 5.4022711813449842 24.073354378342628 57.387648910284042 5.0054029375314713
leaf_count=157 909 102 754 631 223 20 2000 26 573 249 1439 186 549 50 509 35 320 17 176 38 2870 170 142 216 104 890 24 104 249 23
internal_value=1.9527e-05 -0.00320981 0.0120575 0.0085398 -0.0056864 0.00202224 -0.00686097 0.00571113 0.00627468 0.00498378 -0.00890401 -0.0138363 -0.00680088 0.00184344 0.0160298 0.01548 0.0139677 0.00264769 -0.00859421 0.0186495 -0.0094445 0.0182835 0.00835611 0.0101361 0.00408254 0.000977133 0.000434951 0.00774269 0.0024787 0.0292419
internal_weight=2963.62 2336.76 626.865 498.793 1829 266.711 1647.63 507.758 501.925 181.37 1175.73 351.47 824.264 141.62 232.082 72.6107 160.82 341.105 682.644 32.2444 644.664 68.6296 36.8842 130.154 80.3442 308.861 304.928 91.8687 67.7953 10.4077
internal_count=13755 10585 3170 2416 8219 1276 7427 2366 2340 792 5427 1625 3802 599 1140 367 893 1447 3203 140 3027 347 177 569 353 1307 1290 400 296 47
is_linear=0
shrinkage=0.05


Tree=39
num_leaves=31
num_cat=0
split_feature=0 10 5 4 5 2 6 8 1 7 7 7 6 2 12 1 1 2 31 2 1 4 2 19 2 1 6 2 10 1
split_gain=42.9586 15.3811 11.8247 8.92768 7.45333 6.69463 6.48096 8.0998 5.91372 5.41748 5.30688 4.62137 5.38764 4.35877 4.30969 4.26584 4.17728 6.03038 5.72307 5.76646 5.27273 3.89516 3.86691 3.84444 3.72227 4.95459 3.62261 3.7998 3.60519 4.06553
threshold=1.0000000180025095e-35 1.0000000180025095e-35 1.0000000180025095e-35 1.0000000180025095e-35 1.0000000180025095e-35 17.500000000000004 1.0000000180025095e-35 1.0000000180025095e-35 41.500000000000007 1.0000000180025095e-35 1.0000000180025095e-35 1.0000000180025095e-35 1.0000000180025095e-35 40.500000000000007 1.0000000180025095e-35 46.500000000000007 34.500000000000007 25.500000000000004 1.0000000180025095e-35 29.500000000000004 36.500000000000007 1.0000000180025095e-35 30.500000000000004 1.0000000180025095e-35 36.500000000000007 54.500000000000007 1.0000000180025095e-35 49.500000000000007 1.0000000180025095e-35 27.500000000000004
decision_type=2 2 2 2 2 2 2 2 2 2 2 2 2 2 2 2 2 2 2 2 2 2 2 2 2 2 2 2 2 2
left_child=1 3 6 4 5 -1 7 24 9 16 -3 12 -10 14 -5 -13 -6 -18 19 -19 -21 26 -16 -20 25 -2 -4 -28 -9 -30
right_child=2 10 21 13 8 -7 -8 28 11 -11 -12 15 -14 -15 22 -17 17 18 23 20 -22 -23 -24 -25 -26 -27 27 -29 29 -31
leaf_value=-0.0570815008507361 -0.0055655313368574112 0.00077146516946917246 0.011260901927297949 0.0041263918578870193 -0.010681905355842049 -0.0090507523032019865 0.016257129678207426 0.0057727147680622258 -0.015915282775285169 0.016855064142170299 0.011911853185565646 -0.077208871756669406 0.01597666002042197 -0.012247340776752257 -0.0045864879275525306 -0.018454763984925522 -0.029869025541794714 0.051810651866744765 0.029455658770849786 0.037965422081811563 -0.0062667521246155189 0.030274287253540078 0.035518361807846524 0.0038766729853537741 0.0075951578441691139 -0.053860086673865173 0.030368698551501871 -0.024387591060891965 -0.013748700914767207 0.026882513967643913
leaf_weight=7.305226430296897 156.70397275686264 489.20213750004768 127.75718060880899 77.415912762284279 79.634364500641823 1051.7697260677814 117.85984143614769 94.571961060166359 54.067534014582634 49.946701422333717 136.79192295670509 4.9129945188760749 17.538360297679901 25.88712865114212 7.9385283440351477 8.3229469954967481 13.010456472635267 4.9396831393241873 32.882307261228561 7.2045392990112296 103.93339183926582 62.71963557600975 24.747865170240402 26.550189346075058 57.587572172284126 5.4969921410083762 49.258810117840767 3.3861466869711867 7.0413117110729209 48.99655619263649
leaf_count=35 709 2102 721 332 336 4890 612 436 228 225 601 21 73 110 36 36 56 21 137 30 431 441 110 111 271 23 316 21 35 249
internal_value=1.92395e-05 -0.0034377 0.0105312 -0.00604021 -0.00718 -0.00938206 0.006045 0.00279552 -0.00139225 0.00173599 0.00320586 -0.0131211 -0.00810402 0.00621367 0.0105542 -0.0402635 -0.0010801 0.00297587 0.00541065 -0.00104993 -0.00339939 0.0195408 0.0257781 0.0180288 -0.00332512 -0.00720223 0.0158092 0.0268468 0.0117275 0.0217771
internal_weight=2955.38 2224 731.38 1598.01 1462.02 1059.07 488.258 370.398 402.943 318.102 625.994 84.8418 71.6059 135.989 110.102 13.2359 268.155 188.521 175.51 116.078 111.138 243.122 32.6864 59.4325 219.789 162.201 180.402 52.645 150.61 56.0379
internal_count=13755 9921 3834 7218 6630 4925 2335 1723 1705 1347 2703 358 301 588 478 57 1122 786 730 482 461 1499 146 248 1003 732 1058 337 720 284
is_linear=0
shrinkage=0.05


Tree=40
num_leaves=31
num_cat=0
split_feature=7 3 4 8 9 6 1 5 6 1 0 2 4 31 9 19 2 0 2 1 2 1 0 2 1 1 2 2 5 4
split_gain=39.3575 17.95 10.7151 8.62355 7.90378 6.29277 4.92371 4.84074 4.38872 4.60125 4.0254 5.84894 3.80279 3.6996 5.1249 5.12563 4.13388 4.06352 3.64582 4.39246 3.36199 3.17845 3.13709 4.88846 3.50956 4.17328 3.83926 3.11737 3.08943 4.04529
threshold=1.0000000180025095e-35 1.0000000180025095e-35 1.0000000180025095e-35 1.0000000180025095e-35 1.0000000180025095e-35 1.0000000180025095e-35 65.500000000000014 1.0000000180025095e-35 1.0000000180025095e-35 37.500000000000007 1.0000000180025095e-35 37.500000000000007 1.0000000180025095e-35 1.0000000180025095e-35 1.0000000180025095e-35 1.0000000180025095e-35 34.500000000000007 1.0000000180025095e-35 43.500000000000007 52.500000000000007 41.500000000000007 23.500000000000004 1.0000000180025095e-35 27.500000000000004 35.500000000000007 40.500000000000007 26.500000000000004 19.500000000000004 1.0000000180025095e-35 1.0000000180025095e-35
decision_type=2 2 2 2 2 2 2 2 2 2 2 2 2 2 2 2 2 2 2 2 2 2 2 2 2 2 2 2 2 2
left_child=1 4 3 5 8 -2 7 12 21 -10 11 -5 27 14 15 17 -15 -7 19 20 -11 -1 23 -9 26 -26 -24 -3 -6 -30
right_child=2 6 -4 10 28 13 -8 22 9 18 -12 -13 -14 16 -16 -17 -18 -19 -20 -21 -22 -23 24 -25 25 -27 -28 -29 29 -31
leaf_value=-0.02315605309270348 -0.0029154378798846646 -0.032873190835414831 0.024263228859518 0.0036811701494917307 -0.0027221941042043438 -0.014107064749862534 -0.040115921271728749 0.030190404064328897 -0.01145617151186048 0.0027139192723199565 0.022852805397778758 0.028348972375229195 0.015044695638546513 0.05675888449635258 0.024278310772761266 -0.04528523430242818 0.015250519944348079 0.035700728952173084 -0.012834130298443448 0.039002839102330877 0.046005182245743716 -0.0082653447753786528 -0.0037227947395019629 0.0038671473745232766 0.0038723139979053413 0.035975332909947914 0.059822835452369008 0.00057081587487275379 0.002240986640942457 0.024179310842110439
leaf_weight=37.152803182601929 193.94170564413071 7.1650068163871756 125.34945161640644 103.24889503419399 366.25464862585068 10.706298545002943 5.8795182406902304 20.887197360396385 76.117050468921661 120.88428683578968 95.304028041660786 31.319386124610901 47.424675911664963 8.9693355932831782 20.117613531649113 7.1834968030452719 18.108278073370457 6.6312657743692389 28.49830986559391 9.8447830379009229 4.6575220972299567 1011.3999319672585 3.1209493130445471 113.35733662545681 28.667105883359909 15.649925619363783 9.9705672338604909 253.08879117667675 141.67973074316978 24.671867772936821
leaf_count=180 909 30 754 444 1577 45 26 102 323 517 562 134 235 47 105 36 94 40 122 41 20 4738 22 501 190 104 73 1083 582 119
internal_value=1.9014e-05 -0.00296595 0.0112034 0.00789974 -0.00527921 0.0017641 0.00537278 0.0059084 -0.00739691 -0.00129768 0.0149906 0.00942235 0.00202296 0.0144189 0.00557413 -0.00977118 0.029 0.0049434 0.00342047 0.006842 0.00432 -0.00879296 0.0121461 0.0079628 0.0219282 0.015209 0.0446739 -0.000349926 -0.000155772 0.00549469
internal_weight=2947.25 2326.37 620.88 495.53 1821.16 265.658 505.211 499.332 1288.55 240.002 229.872 134.568 307.678 71.7163 44.6387 24.5211 27.0776 17.3376 163.885 135.387 125.542 1048.55 191.653 134.245 57.4085 44.317 13.0915 260.254 532.606 166.352
internal_count=13755 10585 3170 2416 8219 1276 2366 2340 5941 1023 1140 578 1348 367 226 121 141 85 700 578 537 4918 992 603 389 294 95 1113 2278 701
is_linear=0
shrinkage=0.05


Tree=41
num_leaves=31
num_cat=0
split_feature=7 3 3 4 9 10 12 1 34 10 31 2 1 4 1 19 2 1 2 10 2 37 1 2 2 1 2 31 1 2
split_gain=35.7045 16.2431 10.1832 7.32625 5.66303 4.92285 4.52507 5.41303 4.62006 4.50913 7.01779 6.69291 4.35893 4.19561 5.64349 4.1163 4.84883 4.01794 3.78207 3.77541 3.75914 3.716 3.65373 4.16557 3.58996 5.81574 3.52319 3.45697 3.37947 7.1608
threshold=1.0000000180025095e-35 1.0000000180025095e-35 1.0000000180025095e-35 1.0000000180025095e-35 1.0000000180025095e-35 1.0000000180025095e-35 1.0000000180025095e-35 48.500000000000007 1.0000000180025095e-35 1.0000000180025095e-35 1.0000000180025095e-35 48.500000000000007 35.500000000000007 1.0000000180025095e-35 59.500000000000007 1.0000000180025095e-35 22.500000000000004 20.500000000000004 26.500000000000004 1.0000000180025095e-35 25.500000000000004 1.0000000180025095e-35 51.500000000000007 43.500000000000007 35.500000000000007 47.500000000000007 56.500000000000007 1.0000000180025095e-35 28.500000000000004 22.500000000000004
decision_type=2 2 2 2 2 2 2 2 2 2 2 2 2 2 2 2 2 2 2 2 2 2 2 2 2 2 2 2 2 2
left_child=1 3 5 4 6 24 8 20 17 10 -3 21 -5 14 15 16 -4 -1 27 -10 -8 -12 23 -19 -2 -26 -22 -17 29 -11
right_child=2 9 13 12 -6 -7 7 -9 19 28 11 -13 -14 -15 -16 18 -18 22 -20 -21 26 -23 -24 -25 25 -27 -28 -29 -30 -31
leaf_value=-0.044589382690357282 -0.002213581286615749 -0.0047947524994821789 0.068702718585545261 -0.0078319684761083957 -0.0014508920443886831 0.012840060022804772 -0.026349150362353291 -0.030080080001839749 0.0015709256000049838 -0.018189372312486227 0.040070457679690176 0.05425511274047317 0.0094117930825758193 0.03162620676392023 -0.039457656006800845 -0.059063885105303839 0.020536816698520918 -0.0060721264208639884 0.011712273598535355 0.035145191870439095 -0.0076750017177030453 0.004840609575288337 0.0057097692812932413 -0.017906488423952423 0.019719767678244331 -0.018146216144513703 -0.044620502461237908 0.005154178340069795 0.0084377445395856267 0.043775769722004032
leaf_weight=6.9896665811538687 178.28217500448227 185.26191073656082 5.5199687257409087 51.113756567239761 470.81946939229965 153.73238116502762 33.300424680113792 39.777943655848503 37.087567672133446 6.2355010509490993 8.1214277893304807 8.3032228648662549 129.49946409463882 52.186231166124344 4.5572830289602271 3.8597511425614339 97.828447841107845 622.02550019323826 55.678809285163879 10.814846158027647 268.59887500107288 95.523614525794983 56.657397449016571 84.453053683042526 48.535285979509354 12.818233892321585 6.6117042005062094 4.5852283835411072 181.84314500540495 18.480514161288738
leaf_count=34 790 847 31 223 2000 739 159 186 172 30 37 41 569 380 25 22 565 2889 313 47 1249 433 262 398 221 58 31 26 886 92
internal_value=1.91613e-05 -0.00282325 0.0107039 -0.00502499 -0.00607932 0.00585658 -0.00794772 -0.0127207 -0.00591555 0.0051213 0.00117772 0.0110615 0.00453179 0.019208 0.0154409 0.0169348 0.0231094 -0.0068527 0.00698316 0.00915093 -0.0104825 0.00760115 -0.00650706 -0.00748682 0.00137651 0.0118086 -0.00856259 -0.0241965 0.0107956 0.0281428
internal_weight=2939.1 2321.52 617.584 1817.75 1637.14 393.368 1166.32 348.289 818.028 503.769 297.21 111.948 180.613 224.216 172.029 167.472 103.348 770.126 64.1238 47.9024 308.511 103.645 763.136 706.479 239.636 61.3535 275.211 8.44498 206.559 24.716
internal_count=13755 10585 3170 8219 7427 1808 5427 1625 3802 2366 1358 511 792 1362 982 957 596 3583 361 219 1439 470 3549 3287 1069 279 1280 48 1008 122
is_linear=0
shrinkage=0.05


Tree=42
num_leaves=31
num_cat=0
split_feature=0 5 5 4 8 33 12 10 3 2 10 37 2 2 2 9 19 2 2 7 4 19 8 9 0 7 2 14 2 2
split_gain=35.2738 12.8389 10.2706 6.68542 6.93215 5.75555 5.66801 5.59556 5.25081 4.20746 3.99802 6.25944 3.96356 6.1415 5.35488 3.75271 4.06827 4.59274 3.67297 3.4716 3.47416 3.69028 3.71343 3.49425 3.5107 3.31976 4.31138 3.31326 5.73247 7.01534
threshold=1.0000000180025095e-35 1.0000000180025095e-35 1.0000000180025095e-35 1.0000000180025095e-35 1.0000000180025095e-35 1.0000000180025095e-35 1.0000000180025095e-35 1.0000000180025095e-35 1.0000000180025095e-35 17.500000000000004 1.0000000180025095e-35 1.0000000180025095e-35 30.500000000000004 32.500000000000007 34.500000000000007 1.0000000180025095e-35 1.0000000180025095e-35 44.500000000000007 39.500000000000007 1.0000000180025095e-35 1.0000000180025095e-35 1.0000000180025095e-35 1.0000000180025095e-35 1.0000000180025095e-35 1.5000000000000002 1.0000000180025095e-35 27.500000000000004 1.0000000180025095e-35 37.500000000000007 43.500000000000007
decision_type=2 2 2 2 2 2 2 2 2 2 2 2 2 2 2 2 2 2 2 2 2 2 2 2 2 2 2 2 2 2
left_child=1 3 7 4 9 -5 -7 -2 -3 -1 -6 -12 25 -14 -15 -11 27 18 -18 -4 21 22 -21 -23 -25 26 -13 28 -17 -30
right_child=2 8 19 5 10 6 -8 -9 -10 15 11 12 13 14 -16 16 17 -19 -20 20 -22 23 -24 24 -26 -27 -28 -29 29 -31
leaf_value=-0.049525629005506229 0.0012598117992389021 -7.3578233428359019e-05 0.012950835350157964 0.01667591344650677 -0.0049723594340466276 -0.012151465181622646 0.017111978841905098 0.012354828908480404 0.0098215925125693312 -0.011615524611267407 0.036949974082168553 -0.011834769808212001 0.059708726577713755 -0.043482883427863078 0.0057895746840206652 -0.00015646684924024048 -0.011957473183115401 -0.04251536001195607 0.024133469682026364 0.015396626176526696 0.039625151029185596 -0.010284892421462383 0.044745251185838469 0.0037311459724373914 0.060599588623726747 0.013504117775965753 -0.065684101329529704 -0.0073576017859048508 0.058231825954935958 0.00061846878167355623
leaf_weight=6.6016635894775382 301.49266637116671 529.28720998764038 136.68863304704428 58.293633624911308 417.8260318338871 58.620622470974922 23.054729789495468 182.38321474939585 179.54433293640614 569.15086984634399 13.651542857289312 12.151508674025541 4.9882231503725043 5.866583287715911 91.797226965427399 57.75874762237072 66.749787926673889 11.175459593534468 7.8819647133350363 24.690795257687569 29.466655105352402 15.972551986575127 19.12762987613678 6.9449853822588921 4.4546030014753342 6.5140543282032004 5.3550954312086096 63.29898627102375 10.885831877589228 10.267259284853933
leaf_count=32 1397 2213 760 247 1923 249 99 938 845 2738 58 53 21 25 393 246 286 49 34 166 247 108 138 48 32 27 23 270 46 44
internal_value=1.88605e-05 -0.0031136 0.00962062 -0.00573129 -0.00680073 0.0046745 -0.00389119 0.00544176 0.00243283 -0.00977334 -0.00251999 0.00478212 0.00131538 0.00559377 0.00282982 -0.00944413 -0.00402417 -0.0126221 -0.00814586 0.01814 0.0251868 0.0192105 0.0282079 0.00480722 0.0259536 -0.0169682 -0.0283067 0.00116367 0.00799898 0.0302675
internal_weight=2931.94 2210.72 721.222 1501.89 1361.92 139.969 81.6754 483.876 708.832 803.771 558.15 140.324 126.673 102.652 97.6638 797.169 228.018 85.8072 74.6318 237.346 100.657 71.1906 43.8184 27.3721 11.3996 24.0207 17.5066 142.211 78.9118 21.1531
internal_count=13755 9921 3834 6863 6268 595 348 2335 3058 3745 2523 600 542 439 418 3713 975 369 320 1499 739 492 304 188 80 103 76 606 336 90
is_linear=0
shrinkage=0.05


Tree=43
num_leaves=31
num_cat=0
split_feature=0 6 5 5 4 6 8 9 8 1 4 10 31 14 12 1 1 1 4 38 1 1 1 11 3 7 4 19 8 31
split_gain=31.9864 12.9028 9.47781 7.70296 6.32232 5.46943 6.87252 4.33632 3.94826 6.49179 5.14435 4.67871 6.33288 7.79802 7.66249 4.37815 4.20725 4.39233 3.97469 4.54458 4.54542 3.85571 3.8041 3.7618 3.6176 3.28788 3.34449 3.44616 3.56312 3.43116
threshold=1.0000000180025095e-35 1.0000000180025095e-35 1.0000000180025095e-35 1.0000000180025095e-35 1.0000000180025095e-35 1.0000000180025095e-35 1.0000000180025095e-35 1.0000000180025095e-35 1.0000000180025095e-35 33.500000000000007 1.0000000180025095e-35 1.0000000180025095e-35 1.0000000180025095e-35 1.0000000180025095e-35 1.0000000180025095e-35 45.500000000000007 22.500000000000004 20.500000000000004 1.0000000180025095e-35 1.0000000180025095e-35 39.500000000000007 38.500000000000007 52.500000000000007 1.0000000180025095e-35 1.0000000180025095e-35 1.0000000180025095e-35 1.0000000180025095e-35 1.0000000180025095e-35 1.0000000180025095e-35 1.0000000180025095e-35
decision_type=2 2 2 2 2 2 2 2 2 2 2 2 2 2 2 2 2 2 2 2 2 2 2 2 2 2 2 2 2 2
left_child=1 3 5 8 7 6 -2 22 10 16 -1 12 14 -14 -11 18 17 -10 19 20 -13 23 -3 -5 -6 -4 27 28 -27 -29
right_child=2 4 25 21 24 -7 -8 -9 9 11 -12 15 13 -15 -16 -17 -18 -19 -20 -21 -22 -23 -24 -25 -26 26 -28 29 -30 -31
leaf_value=-0.010853631159846205 -0.0034406034845942813 -0.0034249348773925364 0.012378313767752346 0.0020231618894222592 0.010436971500726372 0.014664906092347064 0.010495646553659884 0.0085667352105960933 -0.022134426530939923 -0.0027218223180282483 0.0052885194482193941 0.0092255638594893417 0.00096547956644200028 0.043384963611934578 -0.025674570585273185 -0.014919431315650251 -0.017720896112093022 0.036683747723933999 -0.013732791024838629 0.060892875551830643 0.049642210710353782 -0.0068634439288926367 0.020597300459288013 0.036669404726857723 0.034870582173541852 0.014770782624620938 0.03876421241122141 -0.011306762224128224 0.043821822128197914 0.024367068627487748
leaf_weight=653.81929112970829 218.75506116449833 262.74493043124676 135.88131994754076 361.67662513256073 50.611787781119347 115.61736365407705 148.5272218734026 152.12687301635742 5.4034465849399549 120.55403800308704 53.387077778577805 50.492565423250198 91.987237721681595 12.280495464801787 52.065266892313957 15.461355730891226 100.0809427946806 7.6929433047771454 10.831290140748022 5.883407548069953 8.0681229084730131 144.30078494548798 17.58319003880024 8.0081912577152234 21.620421841740608 24.456219427287579 28.63631895929575 15.123556345701218 18.5684599801898 12.159723930060863
leaf_count=3127 1003 1118 760 1552 217 612 720 640 26 564 226 219 429 56 243 66 462 35 46 25 35 615 73 36 111 166 247 104 138 84
internal_value=1.83622e-05 -0.00296388 0.00918742 -0.00504585 0.00405729 0.0051807 0.00219515 0.00177016 -0.00725837 -0.00376251 -0.00963506 -0.000538862 -0.00376789 0.00596158 -0.00964481 0.00931465 -0.0142336 0.0124159 0.0142923 0.0190025 0.0147939 6.80673e-05 -0.00191817 0.00277368 0.0177504 0.0174269 0.0243602 0.0184935 0.0273085 0.0045925
internal_weight=2924.41 2206.68 717.725 1701.99 504.687 482.9 367.282 432.455 1188.01 480.801 707.206 367.624 276.887 104.268 172.619 90.7367 113.177 13.0964 75.2754 64.4441 58.5607 513.986 280.328 369.685 72.2322 234.826 98.9443 70.308 43.0247 27.2833
internal_count=13755 9921 3834 7762 2159 2335 1723 1831 5559 2206 3353 1683 1292 485 807 391 523 61 325 279 254 2203 1191 1588 328 1499 739 492 304 188
is_linear=0
shrinkage=0.05


Tree=44
num_leaves=31
num_cat=0
split_feature=7 3 3 9 1 4 8 1 12 1 5 34 4 1 19 1 10 31 1 19 1 34 1 8 1 1 10 0 1 1
split_gain=29.3783 13.1386 8.74087 6.07599 4.40632 4.0788 5.49135 4.50201 3.7199 4.35008 3.71808 3.64384 3.61917 5.11081 3.64115 3.39232 3.27648 3.86382 3.42785 4.65964 4.04316 3.08599 3.95703 3.41449 2.87139 2.84134 2.80163 2.74982 3.39486 4.00054
threshold=1.0000000180025095e-35 1.0000000180025095e-35 1.0000000180025095e-35 1.0000000180025095e-35 65.500000000000014 1.0000000180025095e-35 1.0000000180025095e-35 35.500000000000007 1.0000000180025095e-35 47.500000000000007 1.0000000180025095e-35 1.0000000180025095e-35 1.0000000180025095e-35 59.500000000000007 1.0000000180025095e-35 20.500000000000004 1.0000000180025095e-35 1.0000000180025095e-35 35.500000000000007 1.0000000180025095e-35 25.500000000000004 1.0000000180025095e-35 41.500000000000007 1.0000000180025095e-35 28.500000000000004 51.500000000000007 1.0000000180025095e-35 1.0000000180025095e-35 35.500000000000007 40.500000000000007
decision_type=2 2 2 2 2 2 2 2 2 2 2 2 2 2 2 2 2 2 2 2 2 2 2 2 2 2 2 2 2 2
left_child=1 3 5 8 10 6 -2 -7 11 -10 16 15 13 14 -4 -1 17 -3 20 -20 -19 22 -16 -24 -22 -17 -13 -12 -29 -30
right_child=2 4 12 -5 -6 7 -8 -9 9 -11 27 26 -14 -15 21 25 -18 18 19 -21 24 -23 23 -25 -26 -27 -28 28 29 -31
leaf_value=-0.038364495711717524 -0.0028885861452732091 -0.0079580606153014117 0.021645436509532261 -4.9483365418999686e-05 -0.038349273240401278 0.036903334561214925 0.010315607082100218 0.0084781727777931033 -0.008531167242379312 -0.024641847384230729 0.0067465214146722706 0.0017938472436898646 0.029624403925226722 -0.037668330614307112 0.016007737576122921 -0.0059708367917992427 0.0083332291121121435 0.019303754420302379 0.026819750362103136 -0.003835032481664424 -0.05646702464282273 -0.031835812947287427 -0.041245835551394945 0.013086356983550256 -0.0093223531153815622 0.0051655381684646076 0.029260115704977992 0.043065682226542584 0.0022125537717539172 0.034188765246248018
leaf_weight=7.7584797441959372 179.68509985506535 116.97730673849583 100.99136596918106 530.69524689018726 5.8989591300487509 19.110599994659424 140.15949857234955 51.381392545998096 329.95850640535355 47.994004473090172 133.00568343698978 39.963346347212791 49.806486204266548 4.6039887666702262 47.066582538187504 776.93516276776791 116.18132345378399 7.7805287539958981 29.323387622833252 21.474874660372734 4.9104483574628821 4.8791608437895766 6.355925075709818 5.305451288819313 9.436153516173361 61.83478756248951 12.094042554497717 12.388642981648443 28.046132102608681 15.019868485629557
leaf_count=38 791 506 596 2278 26 101 643 273 1540 227 603 185 380 25 268 3612 527 33 128 92 21 27 36 30 41 286 53 95 190 104
internal_value=1.78592e-05 -0.00256058 0.00978278 -0.00454589 0.00460888 0.00529712 0.00289764 0.0161843 -0.00641518 -0.010577 0.00512129 -0.0046647 0.0177775 0.0142903 0.0157436 -0.00545427 0.00171943 -0.00232685 0.00670599 0.0138605 -0.00971894 0.00637305 0.00954746 -0.0165269 -0.0254587 -0.00514985 0.00817485 0.0106464 0.0199999 0.0133647
internal_weight=2917.02 2307.68 609.346 1807.23 500.443 390.337 319.845 70.492 1276.54 377.953 494.544 898.586 219.009 169.202 164.598 846.528 306.084 189.903 72.9254 50.7983 22.1271 63.6071 58.728 11.6614 14.3466 838.77 52.0574 188.46 55.4546 43.066
internal_count=13755 10585 3170 8219 2366 1808 1434 374 5941 1767 2340 4174 1362 982 957 3936 1348 821 315 220 95 361 334 66 62 3898 238 992 389 294
is_linear=0
shrinkage=0.05


Tree=45
num_leaves=31
num_cat=0
split_feature=0 6 2 4 5 6 4 1 1 14 8 1 2 9 7 0 14 1 14 1 1 11 1 8 1 31 10 37 19 1
split_gain=27.619 11.4355 8.99558 8.54816 5.94854 5.71139 5.61949 4.64432 5.56556 9.5984 4.35279 4.05809 3.82206 4.44811 3.82097 5.50626 4.0906 3.72944 3.72071 3.57507 3.54465 3.47938 3.4712 3.4058 5.71798 4.20928 5.53145 4.48226 4.0011 4.68602
threshold=1.0000000180025095e-35 1.0000000180025095e-35 73.500000000000014 1.0000000180025095e-35 1.0000000180025095e-35 1.0000000180025095e-35 1.0000000180025095e-35 66.500000000000014 47.500000000000007 1.0000000180025095e-35 1.0000000180025095e-35 42.500000000000007 20.500000000000004 1.0000000180025095e-35 1.0000000180025095e-35 1.5000000000000002 1.0000000180025095e-35 52.500000000000007 1.0000000180025095e-35 38.500000000000007 28.500000000000004 1.0000000180025095e-35 56.500000000000007 1.0000000180025095e-35 33.500000000000007 1.0000000180025095e-35 1.0000000180025095e-35 1.0000000180025095e-35 1.0000000180025095e-35 37.500000000000007
decision_type=2 2 2 2 2 2 2 2 2 2 2 2 2 2 2 2 2 2 2 2 2 2 2 2 2 2 2 2 2 2
left_child=1 2 4 5 23 7 12 8 10 -10 -2 -7 20 17 16 18 -12 -14 -16 21 -3 -6 -19 -1 -25 26 28 -27 29 -26
right_child=3 6 -4 -5 19 11 -8 -9 9 -11 14 -13 13 -15 15 -17 -18 22 -20 -21 -22 -23 -24 24 25 27 -28 -29 -30 -31
leaf_value=-0.0091209574141657718 -0.0029792237018416955 -0.050557312749893828 0.051901370401161585 0.019309672549041076 0.0014534585463022191 0.01905935108021295 0.016834985854833763 -0.041986999600168551 0.0048736311507152881 0.053958997978861147 0.0083829223277545901 -0.0019152747441671175 -0.0027249253830740074 0.0096334289411850078 0.020250541238218334 -0.0015119896861914008 -0.014682858413069816 0.052994814541581274 0.056476307677274545 -0.0071499480939404602 -0.001214541780297281 0.034917698534496104 0.005468445174484346 -0.013507846823733153 0.012548687136955143 0.039629811586773506 0.0089508636126722097 0.0038187088241523285 0.0021935667439268287 -0.018014324122689686
leaf_weight=701.07802610099316 222.01325249671936 6.5959578603506079 6.9864563494920722 147.23048996925354 358.6335754096508 108.8721411600709 71.629061117768288 5.6814500391483298 32.997059434652328 14.26502740383148 69.279767379164696 29.258003182709217 253.73516234755516 145.97618347406387 24.039943754673004 21.216873347759247 26.602549016475677 5.7531012743711498 10.051888167858122 142.69783262908459 8.1208682060241681 7.9394263476133338 11.565245449542997 112.47666500508785 14.25337493419647 9.3689535558223707 55.19055649638176 129.70449416339397 52.868402794003487 104.42766657471657
leaf_count=3343 1056 28 30 960 1542 622 328 27 163 71 320 162 1081 615 140 133 122 24 58 609 35 36 48 523 66 42 238 593 249 491
internal_value=1.78211e-05 -0.00275274 -0.0047173 0.00858055 -0.00495155 0.00578113 0.00386492 0.00291723 0.00352398 0.019689 0.00147687 0.0146166 0.00171312 0.00259687 0.00802033 0.018486 0.00198332 -0.00119268 0.0309316 -0.000435518 -0.0233296 0.00217824 0.0212566 -0.00690165 -0.00364859 -0.000617161 -0.00481767 0.00623119 -0.00924726 -0.0143438
internal_weight=2910.51 2199 1695.63 711.508 1688.64 564.278 503.376 426.148 420.466 47.2621 373.204 138.13 431.747 417.03 151.191 55.3087 95.8823 271.054 34.0918 509.271 14.7168 366.573 17.3183 1179.37 478.29 365.813 226.74 139.073 171.549 118.681
internal_count=13755 9921 7762 3834 7732 2874 2159 2090 2063 234 1829 784 1831 1768 773 331 442 1153 198 2187 63 1578 72 5545 2202 1679 1044 635 806 557
is_linear=0
shrinkage=0.05


Tree=46
num_leaves=31
num_cat=0
split_feature=7 3 3 6 2 1 10 1 1 1 1 1 19 4 31 4 1 19 2 2 5 1 31 35 1 31 8 2 0 21
split_gain=25.4437 11.3776 7.9751 5.45044 5.98241 4.33132 3.91829 3.8253 3.45745 5.18605 3.33597 3.80108 7.20615 3.63548 5.54333 3.26983 4.51702 3.3458 4.7728 3.42346 3.2597 3.21349 2.99265 2.91943 3.78002 3.16349 3.41327 2.89507 2.89031 3.14205
threshold=1.0000000180025095e-35 1.0000000180025095e-35 1.0000000180025095e-35 1.0000000180025095e-35 73.500000000000014 33.500000000000007 1.0000000180025095e-35 65.500000000000014 37.500000000000007 28.500000000000004 23.500000000000004 22.500000000000004 1.0000000180025095e-35 1.0000000180025095e-35 1.0000000180025095e-35 1.0000000180025095e-35 59.500000000000007 1.0000000180025095e-35 22.500000000000004 26.500000000000004 1.0000000180025095e-35 29.500000000000004 1.0000000180025095e-35 1.0000000180025095e-35 39.500000000000007 1.0000000180025095e-35 1.0000000180025095e-35 33.500000000000007 1.0000000180025095e-35 1.0000000180025095e-35
decision_type=2 2 2 2 2 2 2 2 2 2 2 2 2 2 2 2 2 2 2 2 2 2 2 2 2 2 2 2 2 2
left_child=1 3 6 4 10 -5 8 20 9 -2 11 -1 -13 -12 -15 16 17 18 -4 22 -3 -11 -19 -21 -25 26 -26 -22 29 -7
right_child=2 7 15 5 -6 28 -8 -9 -10 21 13 12 -14 14 -16 -17 -18 19 -20 23 27 -23 -24 24 25 -27 -28 -29 -30 -31
leaf_value=-0.0081505783979442682 -0.0080684973756651856 0.0016034024136733695 0.067193672683686909 -0.0085718040196487901 0.049198558085392197 0.0010233842635279029 0.011161935211692314 -0.035530320518060439 -0.0029945082923620715 0.05884752295504482 -0.0061341592893257996 -0.0096615770709171152 -0.072615720269869052 -0.0055672490564007329 0.016066825341034527 0.028305782379779817 -0.034815948037246157 -0.055612727622321383 0.018077841372650436 -0.031079556584985936 0.02034942958696756 0.015805786588950595 0.0040529646192266544 0.021872930032442939 -0.060022992743673967 0.020891266381528592 0.0049083363737609919 0.0062510903018939586 0.016330881876493293 0.032520750897025302
leaf_weight=33.526544183492661 24.657557174563408 305.24336162209511 5.2198247089982024 85.25665956735611 4.9623226672410956 223.97392910718918 151.01509080827236 5.9542442709207526 168.61834469437599 4.874080464243888 1259.4882072508335 10.73220317065716 7.885583207011222 76.43435050547123 48.333508536219597 48.351851277053356 4.6929907202720633 3.9266556128859502 94.349217690527439 3.9172495529055587 49.542487308382988 39.316000640392303 4.5215751379728317 37.471428751945496 4.1970635354518873 5.3267106786370269 3.9090237990021706 137.40793790668249 42.417440563440323 8.2079659700393659
leaf_count=160 109 1348 31 362 21 934 739 26 760 22 5869 52 37 337 208 380 25 22 565 21 276 178 26 215 23 31 23 716 205 34
internal_value=1.74644e-05 -0.00238207 0.00914675 -0.00423171 -0.00560601 0.00127287 0.00486508 0.00430591 0.000860626 0.0103024 -0.00579534 -0.0182104 -0.0363259 -0.00532767 0.00281352 0.0168516 0.0135458 0.0149395 0.0206527 0.00594859 0.00478783 0.0205532 -0.0236791 0.0105143 0.0137151 -0.00904144 -0.028711 0.0099872 0.00432942 0.00213686
internal_weight=2903.73 2299.37 604.365 1801.22 1441.36 359.856 388.481 498.148 237.466 68.8476 1436.4 52.1443 18.6178 1384.26 124.768 215.884 167.532 162.839 99.569 63.2697 492.194 44.1901 8.44823 54.8215 50.9042 13.4328 8.10609 186.95 274.599 232.182
internal_count=13755 10585 3170 8219 6684 1535 1808 2366 1069 309 6663 249 89 6414 545 1362 982 957 596 361 2340 200 48 313 292 77 46 992 1173 968
is_linear=0
shrinkage=0.05


Tree=47
num_leaves=31
num_cat=0
split_feature=0 6 5 2 5 4 6 8 9 2 7 2 9 1 2 1 1 1 31 2 2 2 7 1 2 2 1 9 2 1
split_gain=23.9237 9.76112 8.14675 7.60167 5.15164 5.04031 4.33211 5.65478 3.47375 3.56431 3.72605 3.44467 4.01394 3.39848 3.35217 4.21849 4.16518 4.15495 7.87357 4.19544 3.23964 3.16876 3.32981 3.14762 3.14259 3.65571 3.72155 4.75773 4.20815 3.13804
threshold=1.0000000180025095e-35 1.0000000180025095e-35 1.0000000180025095e-35 73.500000000000014 1.0000000180025095e-35 1.0000000180025095e-35 1.0000000180025095e-35 1.0000000180025095e-35 1.0000000180025095e-35 19.500000000000004 1.0000000180025095e-35 20.500000000000004 1.0000000180025095e-35 52.500000000000007 36.500000000000007 53.500000000000007 46.500000000000007 37.500000000000007 1.0000000180025095e-35 24.500000000000004 42.500000000000007 54.500000000000007 1.0000000180025095e-35 56.500000000000007 50.500000000000007 46.500000000000007 29.500000000000004 1.0000000180025095e-35 34.500000000000007 28.500000000000004
decision_type=2 2 2 2 2 2 2 2 2 2 2 2 2 2 2 2 2 2 2 2 2 2 2 2 2 2 2 2 2 2
left_child=1 3 6 4 -1 11 7 14 9 -6 -11 29 13 -13 15 16 17 18 -2 -20 -16 22 -14 -15 25 26 27 28 -8 -3
right_child=2 5 -4 -5 8 -7 24 -9 -10 10 -12 12 21 23 20 -17 -18 -19 19 -21 -22 -23 -24 -25 -26 -27 -28 -29 -30 -31
leaf_value=-0.006417906636752917 0.019902105405811707 -0.04802760463102107 0.015792076801639673 0.047576058718477296 0.036669545787130629 0.015888410949207524 -0.0028282927832185465 0.0092484314301941265 0.0054514937573247896 -0.0063106552666948425 0.0079910551910928693 -0.0027015857170876387 0.0067782789987392003 0.050523957566489086 0.022236415633821241 -0.047153703632144987 0.024155770145346728 -0.014356238549624185 0.014707663929712084 -0.03228687158150538 -0.0023500527913988324 -0.025266695846427378 0.026124136638571712 0.0051979220798133293 0.041989856664543093 -0.038149027947489672 0.016410528028174869 0.023381869433005062 -0.069944260868209748 -0.0014841965193369928
leaf_weight=1173.9658527523279 30.530414700508118 6.5534590482711783 228.2999282553792 7.0106178224086753 5.4829562306404105 71.144814401865005 5.2898182421922666 146.51867897063494 169.50646831095219 278.77580063045025 54.434826537966728 253.48550450801849 111.4605895280838 5.7265505790710476 21.581437826156616 6.329628497362136 10.992348968982695 89.833175331354141 6.669477358460429 16.495090484619141 35.334250196814537 6.4284551888704291 27.787624701857567 11.566777214407919 8.5541016086935979 3.7286083474755278 85.084077067673206 6.3859016820788375 4.1817963942885399 8.0944548398256284
leaf_count=5545 139 28 1499 30 24 328 26 720 731 1186 246 1081 460 24 100 27 49 410 30 77 171 27 128 48 51 21 459 34 21 35
internal_value=1.73005e-05 -0.00256123 0.00802323 -0.00438084 -0.00459738 0.00355854 0.0043089 0.00165381 -0.000391864 -0.0033163 -0.00397426 0.00152374 0.00236196 -0.00123851 -0.00345605 -0.00714619 -0.00550736 -0.00777917 0.00322446 -0.0187563 0.00697271 0.00905439 0.0106388 0.0202073 0.0128513 0.01047 0.0122659 -0.00997253 -0.0324605 -0.0223077
internal_weight=2897.23 2191.42 705.809 1689.18 1682.17 502.248 477.509 364.285 508.2 338.694 333.211 431.103 416.456 270.779 217.766 160.85 154.521 143.528 53.695 23.1646 56.9157 145.677 139.248 17.2933 113.224 104.67 100.942 15.8575 9.47161 14.6479
internal_count=13755 9921 3834 7762 7732 2159 2335 1723 2187 1456 1432 1831 1768 1153 1003 732 705 656 246 107 271 615 588 72 612 561 540 81 47 63
is_linear=0
shrinkage=0.05


Tree=48
num_leaves=31
num_cat=0
split_feature=7 3 3 9 10 1 12 1 2 6 1 2 2 1 4 1 1 1 6 1 1 2 4 4 1 10 31 2 1 1
split_gain=21.8125 9.92379 7.22527 4.95958 3.47807 3.40392 3.35086 4.1086 3.96045 3.24124 6.86213 4.26056 3.17917 5.27445 3.06565 4.10929 3.04509 5.19352 3.51243 3.23758 4.78659 4.18332 3.20577 3.01655 3.6072 3.41837 4.87286 5.90011 3.98843 4.24192
threshold=1.0000000180025095e-35 1.0000000180025095e-35 1.0000000180025095e-35 1.0000000180025095e-35 1.0000000180025095e-35 65.500000000000014 1.0000000180025095e-35 47.500000000000007 25.500000000000004 1.0000000180025095e-35 49.500000000000007 41.500000000000007 35.500000000000007 47.500000000000007 1.0000000180025095e-35 59.500000000000007 35.500000000000007 28.500000000000004 1.0000000180025095e-35 47.500000000000007 40.500000000000007 34.500000000000007 1.0000000180025095e-35 1.0000000180025095e-35 28.500000000000004 1.0000000180025095e-35 1.0000000180025095e-35 48.500000000000007 46.500000000000007 35.500000000000007
decision_type=2 2 2 2 2 2 2 2 2 2 2 2 2 2 2 2 2 2 2 2 2 2 2 2 2 2 2 2 2 2
left_child=1 3 4 6 12 23 9 8 -8 -1 -11 -12 16 -14 15 -4 17 -2 -19 20 22 -21 -18 25 -25 26 -3 28 29 -28
right_child=2 5 14 -5 -6 -7 7 -9 -10 10 11 -13 13 -15 -16 -17 19 18 -20 21 -22 -23 -24 24 -26 -27 27 -29 -30 -31
leaf_value=-0.00539660951072284 -0.0098190449359824468 -0.006434289128780993 0.014058262769703532 0.00013328590385425175 0.010394754561589385 -0.033431455678533943 -0.023759680692792443 -0.023372228985018451 -0.0057362903442040244 -0.00073213553536727446 0.055723306873604377 -0.0027219640814357105 0.018188924390757578 -0.018015320116132504 0.027158406232617307 -0.033177476415053558 -0.0087729139454879798 0.013483923104381771 0.058263475948233862 -0.027107592730527659 -0.030820371356150567 0.029939822402148583 0.017482412486058693 0.043167239161187754 0.0095847133140332681 0.0084592576938379103 -0.008218172175265279 0.050768868281350576 -0.028386589365143291 0.016135319419760583
leaf_weight=728.01137246191502 22.664405763149261 153.28249049931765 160.8697876855731 528.48226687312126 149.98669166862965 5.9834963232278815 34.017251223325729 47.327283337712288 293.10333670675755 149.91060630977154 9.2187847197055799 4.7120707482099524 47.725195847451687 12.746922746300696 47.13926100730896 4.7399794757366172 75.245934054255486 21.276804298162464 5.5140039771795264 4.4429042488336572 21.877908930182457 11.614249855279922 13.750816658139227 8.9801915660500509 72.976031459867954 159.78784691542387 27.162708878517151 7.4229711145162574 8.4145809412002546 52.324214413762093
leaf_count=3471 100 691 957 2278 739 26 166 227 1374 643 40 20 221 58 380 25 330 93 27 20 97 53 70 53 399 771 120 37 37 232
internal_value=1.71234e-05 -0.00220478 0.00850727 -0.00393526 0.00443691 0.00405276 -0.00563324 -0.0096027 -0.00761054 -0.00396666 0.00238719 0.0359544 0.000664215 0.0105574 0.0159085 0.0127063 -0.00272755 0.0077973 0.0227003 -0.00682825 -0.00986712 0.0141552 -0.00471622 0.00451016 0.0132645 0.00275336 -0.00091401 0.00796264 0.00434781 0.00781311
internal_weight=2890.71 2291.12 599.595 1794.78 386.846 496.335 1266.3 374.448 327.121 891.853 163.841 13.9309 236.859 60.4721 212.749 165.61 176.387 49.4552 26.7908 126.932 110.875 16.0572 88.9968 490.351 81.9562 408.395 248.607 95.3245 87.9015 79.4869
internal_count=13755 10585 3170 8219 1808 2366 5941 1767 1540 4174 703 60 1069 279 1362 982 790 220 120 570 497 73 400 2340 452 1888 1117 426 389 352
is_linear=0
shrinkage=0.05


Tree=49
num_leaves=31
num_cat=0
split_feature=0 10 4 4 2 6 1 2 19 1 1 1 14 8 2 7 0 14 14 6 1 1 0 7 1 8 6 2 2 10
split_gain=20.8227 8.72749 7.14729 4.5939 6.18706 4.47686 4.37148 4.40665 5.67885 3.76554 3.7366 5.1623 8.92724 3.54112 3.67544 3.56445 5.07621 3.78279 3.56237 3.47239 4.14017 3.31356 3.22188 4.10756 4.13988 3.6394 3.82994 3.1165 3.10107 4.68213
threshold=1.0000000180025095e-35 1.0000000180025095e-35 1.0000000180025095e-35 1.0000000180025095e-35 17.500000000000004 1.0000000180025095e-35 53.500000000000007 45.500000000000007 1.0000000180025095e-35 42.500000000000007 66.500000000000014 47.500000000000007 1.0000000180025095e-35 1.0000000180025095e-35 55.500000000000007 1.0000000180025095e-35 1.5000000000000002 1.0000000180025095e-35 1.0000000180025095e-35 1.0000000180025095e-35 58.500000000000007 44.500000000000007 1.5000000000000002 1.0000000180025095e-35 53.500000000000007 1.0000000180025095e-35 1.0000000180025095e-35 43.500000000000007 34.500000000000007 1.0000000180025095e-35
decision_type=2 2 2 2 2 2 2 2 2 2 2 2 2 2 2 2 2 2 2 2 2 2 2 2 2 2 2 2 2 2
left_child=1 3 5 4 -1 10 7 -5 -9 -7 11 13 -13 -2 15 17 18 -15 -17 -3 -21 -11 27 25 -25 26 -24 -4 -18 -30
right_child=2 19 22 6 -6 9 -8 8 -10 21 -12 12 -14 14 -16 16 28 -19 -20 20 -22 -23 23 24 -26 -27 -28 -29 29 -31
leaf_value=-0.046651371234636453 -0.0030156341665681027 0.00016354574194935858 0.019613791285591736 0.0056361014008300958 -0.0049396940464314851 0.017237172238818748 0.041722612557029831 -0.047560618594517427 0.017912053505936207 -0.040148257885683408 -0.037605720263280587 0.0043811008529783318 0.052138892942796847 0.0060680068293769906 0.05449246872119004 0.017869444989211527 -0.033483045414294907 -0.016395992601941758 0.054649980773635566 0.0068568733550426727 0.046159759215976384 0.0046210038044062424 -0.042705271257721819 0.023989218516877603 -0.045293419115441262 0.017282624222751109 0.014843452747154706 0.046670626793270109 -0.019198153758179334 0.039210799333964076
leaf_weight=8.9459907561540586 220.89292998611927 429.15254782140255 75.711120001971722 111.96025951206684 1424.0749388039112 106.24959931522608 7.4445801377296439 9.1312417536973935 5.1968169361352912 4.9956910610199001 5.7490191459655753 32.767779223620892 13.951368622481821 67.153148993849754 3.9580607265233985 23.125518471002579 6.0929293856024769 25.994707904756069 9.2032457217574102 181.16713504493237 6.9578633010387412 23.936707586050034 9.3242593705654127 30.603715948760509 2.3195733055472365 8.2495563328266144 4.1903435960412034 12.38345994800329 7.0130272135138494 6.7174570560455322
leaf_count=44 1056 1885 484 495 6586 622 32 39 22 28 27 163 71 310 25 138 38 119 55 788 30 134 50 247 17 49 27 86 42 46
internal_value=1.69253e-05 -0.00238907 0.0075175 -0.004373 -0.00520009 0.0049624 0.00448973 0.00229489 -0.0238135 0.0128825 0.00242901 0.00298113 0.0186426 0.00100439 0.00695378 0.0056588 0.0161249 -0.000201006 0.02834 0.00264646 0.0083105 -0.0031092 0.0174994 0.00796665 0.019108 -0.00888717 -0.0248617 0.0234172 -0.00379602 0.00937765
internal_weight=2884.61 2184.03 700.583 1566.75 1433.02 557.801 133.733 126.288 14.3281 135.182 422.619 416.87 46.7191 370.151 149.258 145.3 52.1522 93.1479 32.3288 617.278 188.125 28.9324 142.782 54.6874 32.9233 21.7642 13.5146 88.0946 19.8234 13.7305
internal_count=13755 9921 3834 7218 6630 2874 588 556 61 784 2090 2063 234 1829 773 748 319 429 193 2703 818 162 960 390 264 126 77 570 126 88
is_linear=0
shrinkage=0.05


Tree=50
num_leaves=31
num_cat=0
split_feature=3 4 7 9 5 14 0 0 2 2 33 1 10 33 2 2 2 1 19 12 2 1 37 1 6 31 1 7 2 2
split_gain=18.9779 8.03442 7.42842 5.26096 4.10895 4.19893 3.95359 4.19168 3.84952 4.27543 5.57011 3.88375 3.70103 4.94675 4.65118 4.62893 3.67433 3.61419 3.42263 3.66213 3.41362 5.00288 3.49833 3.03004 3.02765 6.19839 4.40052 4.31768 4.24878 6.7129
threshold=1.0000000180025095e-35 1.0000000180025095e-35 1.0000000180025095e-35 1.0000000180025095e-35 1.0000000180025095e-35 1.0000000180025095e-35 3.5000000000000004 1.0000000180025095e-35 35.500000000000007 32.500000000000007 1.0000000180025095e-35 41.500000000000007 1.0000000180025095e-35 1.0000000180025095e-35 46.500000000000007 40.500000000000007 47.500000000000007 49.500000000000007 1.0000000180025095e-35 1.0000000180025095e-35 21.500000000000004 23.500000000000004 1.0000000180025095e-35 65.500000000000014 1.0000000180025095e-35 1.0000000180025095e-35 36.500000000000007 1.0000000180025095e-35 19.500000000000004 23.500000000000004
decision_type=2 2 2 2 2 2 2 2 2 2 2 2 2 2 2 2 2 2 2 2 2 2 2 2 2 2 2 2 2 2
left_child=1 3 23 4 5 -1 7 12 9 10 18 -10 20 14 -14 -15 -17 -13 19 -9 -5 -22 -23 -2 28 26 -26 -27 -6 -30
right_child=2 -3 -4 6 24 -7 -8 8 11 -11 -12 17 13 15 -16 16 -18 -19 -20 -21 21 22 -24 -25 25 27 -28 -29 29 -31
leaf_value=-0.0088293013947818265 0.0042391356750066155 0.0061971733349451604 0.015031328897287614 -0.026221063106530947 0.040752081441469468 -0.0015079553598619335 -0.043777790920087191 -0.048982160355315926 0.039946218601463156 -0.0035818085825881081 0.051590897644264069 -0.030043944703631656 -0.000767310181956979 0.0082748966175153291 -0.051652039439497199 0.062580307777808028 0.01279353244027206 0.034515706765931478 0.030629506341687901 0.015056538102025098 0.033676176888137226 0.01375503874750704 -0.0053570809208862598 -0.031462686882942285 -0.034569300645942956 0.013467652099270089 0.0030902154435355489 0.053503388039590066 -0.037329896878402664 -0.0021868722822358873
leaf_weight=704.94288337230682 488.55980826169252 246.99463219195604 209.87912248075008 16.154497563838959 5.4149901270866385 271.17149011790752 4.9689524918794623 4.4865541905164701 17.774977236986164 52.874266013503075 9.5255736708641052 4.7779558748006803 49.277938649058342 61.159735754132271 4.9411535412073126 7.9461838304996473 6.9446515887975693 3.9683782011270523 6.4746687412261972 4.4435916244983673 9.1987160146236402 26.153968438506126 283.26436649262905 6.0162082463502875 9.6352865695953351 29.864642783999443 39.792409628629684 8.6950316280126554 14.309679031372069 269.62603406608105
leaf_count=3421 2340 1166 1362 71 25 1300 24 20 86 243 45 23 205 254 21 33 29 20 30 20 39 112 1218 26 40 122 175 47 65 1173
internal_value=1.71564e-05 -0.00229317 0.00714956 -0.00338098 -0.00508249 -0.00679538 0.000628711 0.00101625 0.0100739 0.00446641 0.0215357 0.0265246 -0.00101572 0.00613481 -0.00540459 0.0143617 0.0393612 -0.000752002 0.00295102 -0.0171169 -0.00379821 -0.00266133 -0.00374161 0.00380485 -0.000651517 0.00747042 -0.00425102 0.0224955 -0.00312128 -0.003958
internal_weight=2879.24 2174.78 704.455 1927.79 1353.45 976.114 574.336 569.367 104.326 77.8047 24.9304 26.5213 465.041 130.27 54.2191 76.0506 14.8908 8.74633 15.4048 8.93015 334.772 318.617 309.418 494.576 377.338 87.9874 49.4277 38.5597 289.351 283.936
internal_count=13755 10027 3728 8861 6368 4721 2493 2469 487 358 115 129 1982 542 226 316 62 43 70 40 1440 1369 1330 2366 1647 384 215 169 1263 1238
is_linear=0
shrinkage=0.05


Tree=51
num_leaves=31
num_cat=0
split_feature=0 5 5 10 2 1 4 2 8 33 12 2 9 2 12 1 1 0 3 1 3 2 1 19 7 2 19 1 2 3
split_gain=18.0183 7.63052 7.04848 4.01422 3.99374 4.341 3.94434 4.20036 3.50978 3.47348 4.66671 3.46282 4.04799 4.11445 3.21103 2.99579 4.20643 3.53656 2.96966 4.35855 2.83774 2.8816 2.78645 3.09849 2.7585 2.59316 4.09589 2.57938 2.55388 4.02866
threshold=1.0000000180025095e-35 1.0000000180025095e-35 1.0000000180025095e-35 1.0000000180025095e-35 43.500000000000007 67.500000000000014 1.0000000180025095e-35 17.500000000000004 1.0000000180025095e-35 1.0000000180025095e-35 1.0000000180025095e-35 40.500000000000007 1.0000000180025095e-35 42.500000000000007 1.0000000180025095e-35 51.500000000000007 63.500000000000007 1.5000000000000002 1.0000000180025095e-35 35.500000000000007 1.0000000180025095e-35 32.500000000000007 30.500000000000004 1.0000000180025095e-35 1.0000000180025095e-35 48.500000000000007 1.0000000180025095e-35 21.500000000000004 48.500000000000007 1.0000000180025095e-35
decision_type=2 2 2 2 2 2 2 2 2 2 2 2 2 2 2 2 2 2 2 2 2 2 2 2 2 2 2 2 2 2
left_child=1 4 3 25 6 22 7 -1 11 -8 24 -9 13 -13 -14 18 17 -17 -4 -20 -3 -22 23 -6 -11 -2 -27 -5 -24 -30
right_child=2 20 15 27 5 -7 9 8 -10 10 -12 12 14 -15 -16 16 -18 -19 19 -21 21 -23 28 -25 -26 26 -28 -29 29 -31
leaf_value=-0.037061778997194067 -0.0014633985040032084 0.00023553981670622573 0.0072777536994109064 -0.031636720667137505 -0.010328547635020266 0.034451527753625366 0.015674111325319356 -0.0070521451615360234 -0.00052524455448186051 -0.015288739773973582 0.019355835358498646 -0.017336706705464444 0.0096910444779437534 0.02644397397857199 0.057543263450524455 0.062562178352599515 -0.013543646049655878 0.010879399566656189 0.039956839212871416 0.013491692569934009 0.019103163893648762 0.0040171409486478493 -0.017275048000229366 -0.056117498663019849 0.0135220588748596 0.027417670726523621 -0.015501304626165641 0.010433680050829636 -0.010079327193207956 0.014338592613565019
leaf_weight=9.5953093916177732 269.5304419323802 525.94721195101738 114.91653199493885 3.72204765677452 7.5174724608659726 5.1719547361135474 48.8524020165205 634.22503924369812 469.96221901476383 41.244295984506607 19.254818543791771 17.531998097896579 8.6018691658973676 7.7336882650852194 5.9174280762672415 9.9843465760350245 3.7914683967828742 4.9515407085418692 20.05650569498539 69.350444056093693 41.429206714034081 134.14972901344299 76.041170254349709 7.2652598470449448 10.403845220804213 18.964013718068603 7.8641225546598426 172.34489512443542 86.226351901888847 21.007577896118164
leaf_count=48 1259 2213 625 20 36 23 210 3004 2150 174 84 88 37 37 25 69 23 36 185 561 217 628 358 34 48 98 40 918 419 88
internal_value=1.66957e-05 -0.00222059 0.00702338 0.00356469 -0.00426049 -0.0107694 -0.00322162 -0.00411825 -0.00384193 0.00541537 -0.00165295 -0.00615453 0.00815462 -0.00393568 0.0291935 0.014349 0.0334891 0.0454283 0.0125947 0.0194286 0.00207292 0.0075768 -0.0119503 -0.0328324 -0.00948518 1.21963e-05 0.0148368 0.00954431 -0.010266 -0.00529575
internal_weight=2873.56 2178.08 695.476 472.426 1476.55 203.23 1273.32 1153.57 1143.97 119.755 70.903 674.01 39.785 25.2657 14.5193 223.051 18.7274 14.9359 204.323 89.4069 701.526 175.579 198.058 14.7827 51.6481 296.359 26.8281 176.067 183.275 107.234
internal_count=13755 9921 3834 2335 6863 958 5905 5389 5341 516 306 3191 187 125 62 1499 128 105 1371 746 3058 845 935 70 222 1397 138 938 865 507
is_linear=0
shrinkage=0.05


Tree=52
num_leaves=31
num_cat=0
split_feature=7 3 4 8 6 5 25 1 1 2 0 2 19 8 9 1 6 9 1 2 2 1 12 1 8 9 6 2 10 1
split_gain=16.9572 7.25664 5.73515 5.44832 4.2889 4.03554 4.23879 3.80271 3.03955 2.98741 3.23773 2.93698 4.03381 3.68391 4.10778 3.43264 3.34424 2.96095 2.92885 4.8437 2.8686 2.62993 6.22046 6.05635 2.56758 2.9299 2.52688 3.85676 2.94517 5.64827
threshold=1.0000000180025095e-35 1.0000000180025095e-35 1.0000000180025095e-35 1.0000000180025095e-35 1.0000000180025095e-35 1.0000000180025095e-35 1.0000000180025095e-35 25.500000000000004 49.500000000000007 39.500000000000007 1.0000000180025095e-35 43.500000000000007 1.0000000180025095e-35 1.0000000180025095e-35 1.0000000180025095e-35 37.500000000000007 1.0000000180025095e-35 1.0000000180025095e-35 46.500000000000007 39.500000000000007 55.500000000000007 34.500000000000007 1.0000000180025095e-35 35.500000000000007 1.0000000180025095e-35 1.0000000180025095e-35 1.0000000180025095e-35 40.500000000000007 1.0000000180025095e-35 37.500000000000007
decision_type=2 2 2 2 2 2 2 2 2 2 2 2 2 2 2 2 2 2 2 2 2 2 2 2 2 2 2 2 2 2
left_child=1 5 3 4 -2 6 11 -6 -9 10 -5 26 17 15 -15 -14 20 -13 -3 24 -17 22 -7 -23 -20 -26 -1 28 -28 -30
right_child=2 18 -4 9 7 21 -8 8 -10 -11 -12 12 13 14 -16 16 -18 -19 19 -21 -22 23 -24 -25 25 -27 27 -29 29 -31
leaf_value=-0.0048960972654030054 -0.0035995972244569248 0.005003324120173137 0.017705470797307197 0.0026003710175207884 -0.037555524709554061 0.0011943538863108147 -0.046272951499546369 0.017848476230516257 -0.015529486716653735 0.022785133613207258 0.016455544708933664 -0.010054495433735218 0.003616072296169265 0.004902312820017048 -0.038609131346225983 -0.056572082026137421 -0.0033314039045678461 0.0080475154162411803 -0.027249396826277597 0.010232812221609888 -0.015831379964681241 0.041832056250198396 -0.023453532128929647 0.0013268003376138849 -0.018081708904521283 0.023160451392169167 -0.004037968357872462 0.037453899848434273 -0.013415008467493841 0.020706770343730873
leaf_weight=890.71436467766762 190.44336468726397 422.24438375979662 112.77537295222282 106.47009053826332 3.8095880001783362 86.815578788518906 6.1733765900135031 56.929136157035828 7.7491509094834319 43.007806852459908 69.814021952450275 83.604364618659019 5.736054763197898 19.566912144422535 7.5046752393245688 18.028543666005142 5.4373161494731894 30.953814551234245 24.31513723731041 27.775741994380951 5.6825542449951163 9.456164598464964 36.301366001367569 383.19740229845047 11.365169718861582 6.9335401356220236 132.26842004060745 7.1415115594863883 17.912414252758026 37.557242259383202
leaf_count=4298 909 2028 754 465 20 368 29 305 42 228 447 414 29 94 33 94 23 136 113 138 30 40 155 1639 53 34 570 30 76 161
internal_value=1.62871e-05 -0.00194266 0.00756269 0.0051708 0.000259403 -0.00342602 -0.0049425 0.0109901 0.0138494 0.01097 0.00808745 -0.00474034 -0.0107219 -0.0209999 -0.00715975 -0.0317404 -0.0386981 -0.0051633 0.00342924 -0.0060132 -0.0468082 0.000303023 -0.00607314 0.00230228 -0.0166024 -0.0024547 -0.00376775 0.00138945 1.75687e-05 0.00968807
internal_weight=2867.68 2276.69 590.999 478.223 258.931 1784.05 1268.28 68.4879 64.6783 219.292 176.284 1262.11 176.514 61.9561 27.0716 34.8845 29.1484 114.558 492.634 70.3896 23.7111 515.771 123.117 392.654 42.6138 18.2987 1085.59 194.88 187.738 55.4697
internal_count=13755 10585 3170 2416 1276 8219 6017 367 347 1140 912 5988 853 303 127 176 147 550 2366 338 124 2202 523 1679 200 87 5135 837 807 237
is_linear=0
shrinkage=0.05


Tree=53
num_leaves=31
num_cat=0
split_feature=0 10 4 9 3 2 2 1 4 2 2 33 3 1 2 2 0 7 1 8 4 2 1 21 33 2 12 1 19 2
split_gain=15.5995 6.82789 6.0503 3.75427 3.64079 3.63111 5.19733 6.2908 4.50336 5.51208 4.01362 3.56505 8.0766 3.35439 5.83722 3.91981 3.12087 3.51627 3.78698 3.27214 3.09015 3.02913 2.90826 2.90259 2.83668 2.71688 3.91767 2.909 4.19724 2.78023
threshold=1.0000000180025095e-35 1.0000000180025095e-35 1.0000000180025095e-35 1.0000000180025095e-35 1.0000000180025095e-35 43.500000000000007 42.500000000000007 44.500000000000007 1.0000000180025095e-35 17.500000000000004 74.500000000000014 1.0000000180025095e-35 1.0000000180025095e-35 26.500000000000004 20.500000000000004 23.500000000000004 1.5000000000000002 1.0000000180025095e-35 53.500000000000007 1.0000000180025095e-35 1.0000000180025095e-35 26.500000000000004 34.500000000000007 1.0000000180025095e-35 1.0000000180025095e-35 47.500000000000007 1.0000000180025095e-35 30.500000000000004 1.0000000180025095e-35 44.500000000000007
decision_type=2 2 2 2 2 2 2 2 2 2 2 2 2 2 2 2 2 2 2 2 2 2 2 2 2 2 2 2 2 2
left_child=1 5 4 -3 13 6 8 -8 9 -1 11 12 23 14 -2 -16 21 19 -19 22 25 -4 -18 -7 -23 26 -13 -27 -29 -28
right_child=2 3 16 -5 -6 10 7 -9 -10 -11 -12 20 -14 -15 15 -17 17 18 -20 -21 -22 24 -24 -25 -26 27 29 28 -30 -31
leaf_value=-0.043920550619933149 0.033986167000073002 -0.0005609245757086745 -0.001776748452582716 0.0075594126236767298 0.0096021762545952325 -0.011866998595490388 0.0056629300749124478 0.065169540105702181 0.0062613429038175187 -0.0038921875791671488 0.035039813237057509 -0.034764647971431459 0.036746542607333184 0.0026171308251474131 -0.066814921817002479 -0.015517606390136648 0.014751959956029698 0.021891669834941591 -0.044251173848009993 0.015999216400685634 -0.043115175460873803 0.038057207015072585 -0.037955807466729247 0.031300496386902875 0.017876112969150034 -0.048045264312401331 0.030306983926511512 -0.014948188781341755 0.0097149073931290676 -0.016404962808843467
leaf_weight=8.6626401841640455 5.0117346197366741 390.97553658485413 11.757586866617201 223.82010863721371 199.83037305623293 60.658875331282616 18.275001585483555 5.8672771453857413 112.94488404691219 1197.4537514746189 4.8591445535421363 28.457923978567123 11.280062660574911 322.856376118958 4.6042150929570225 19.480948328971863 3.5440736114978799 29.310814790427688 2.3365640491247168 8.1003741547465324 9.6543132811784726 28.087823435664177 10.006227158010004 4.161292076110839 45.813957795500755 4.308693826198577 4.3263932764530209 46.407735124230385 27.457256078720093 12.078443944454191
leaf_count=44 22 1730 73 973 1272 289 81 27 502 5562 21 134 49 1472 21 87 19 247 17 49 42 192 58 20 305 20 21 220 130 56
internal_value=1.5598e-05 -0.00206613 0.00656042 0.00239533 0.0042121 -0.00382794 -0.0028649 0.0201248 -0.00328567 -0.00417968 -0.00988253 -0.010928 -0.00230072 0.00115174 -0.0151081 -0.0253238 0.0158853 0.00638587 0.0170083 -0.00914118 -0.0158759 0.021796 -0.0241701 -0.00909575 0.0255463 -0.0137385 -0.0235464 -0.00810988 -0.00578037 -0.00408578
internal_weight=2862.39 2171.65 690.741 614.796 551.784 1556.85 1343.2 24.1423 1319.06 1206.12 213.65 208.791 76.1002 351.953 29.0969 24.0852 138.957 53.2981 31.6474 21.6507 132.691 85.6594 13.5503 64.8202 73.9018 123.036 44.8628 78.1737 73.865 16.4048
internal_count=13755 9921 3834 2703 2874 7218 6216 108 6108 5606 1002 981 358 1602 130 108 960 390 264 126 623 570 77 309 497 581 211 370 350 77
is_linear=0
shrinkage=0.05


end of trees

feature_importances:
idade_requerido=278
idade_vitima=211
acesso_arma=172
descumpriu_medida=135
separacao_recente=131
uso_alcool_drogas=127
desemprego_agressor=104
controle_coercitivo=97
ameaca_morte=78
n_episodios_anteriores=64
filhos_comum=50
situacao_processo_Ativo=34
classe_Ação_Penal_-_Procedimento_Ordinário=33
classe_Ação_Penal_-_Procedimento_Sumário=33
classe_Inquérito_Policial=25
situacao_processo_Suspenso=14
sexo_vitima_F=14
sexo_requerido_F=7
classe_Medidas_Protetivas_de_Urgência_(Lei_Maria_da_Penha)_-_Criminal=4
sexo_requerido_M=4
classe_Auto_de_Prisão_em_Flagrante=2
classe_Pedido_de_Prisão_Preventiva=1
situacao_processo_Em_Instância_Superior=1
sexo_vitima_M=1

parameters:
[boosting: gbdt]
[objective: binary]
[metric: binary_logloss]
[tree_learner: serial]
[device_type: cpu]
[data_sample_strategy: bagging]
[data: ]
[valid: ]
[num_iterations: 2000]
[learning_rate: 0.05]
[num_leaves: 31]
[num_threads: 24]
[seed: 42]
[deterministic: 0]
[force_col_wise: 0]
[force_row_wise: 0]
[histogram_pool_size: -1]
[max_depth: -1]
[min_data_in_leaf: 20]
[min_sum_hessian_in_leaf: 0.001]
[bagging_fraction: 0.9]
[pos_bagging_fraction: 1]
[neg_bagging_fraction: 1]
[bagging_freq: 0]
[bagging_seed: 400]
[bagging_by_query: 0]
[feature_fraction: 0.9]
[feature_fraction_bynode: 1]
[feature_fraction_seed: 30056]
[extra_trees: 0]
[extra_seed: 12879]
[early_stopping_round: 0]
[early_stopping_min_delta: 0]
[first_metric_only: 0]
[max_delta_step: 0]
[lambda_l1: 0]
[lambda_l2: 0]
[linear_lambda: 0]
[min_gain_to_split: 0]
[drop_rate: 0.1]
[max_drop: 50]
[skip_drop: 0.5]
[xgboost_dart_mode: 0]
[uniform_drop: 0]
[drop_seed: 17869]
[top_rate: 0.2]
[other_rate: 0.1]
[min_data_per_group: 100]
[max_cat_threshold: 32]
[cat_l2: 10]
[cat_smooth: 10]
[max_cat_to_onehot: 4]
[top_k: 20]
[monotone_constraints: ]
[monotone_constraints_method: basic]
[monotone_penalty: 0]
[feature_contri: ]
[forcedsplits_filename: ]
[refit_decay_rate: 0.9]
[cegb_tradeoff: 1]
[cegb_penalty_split: 0]
[cegb_penalty_feature_lazy: ]
[cegb_penalty_feature_coupled: ]
[path_smooth: 0]
[interaction_constraints: ]
[verbosity: -1]
[saved_feature_importance_type: 0]
[use_quantized_grad: 0]
[num_grad_quant_bins: 4]
[quant_train_renew_leaf: 0]
[stochastic_rounding: 1]
[linear_tree: 0]
[max_bin: 255]
[max_bin_by_feature: ]
[min_data_in_bin: 3]
[bin_construct_sample_cnt: 200000]
[data_random_seed: 175]
[is_enable_sparse: 1]
[enable_bundle: 1]
[use_missing: 1]
[zero_as_missing: 0]
[feature_pre_filter: 1]
[pre_partition: 0]
[two_round: 0]
[header: 0]
[label_column: ]
[weight_column: ]
[group_column: ]
[ignore_column: ]
[categorical_feature: ]
[forcedbins_filename: ]
[precise_float_parser: 0]
[parser_config_file: ]
[objective_seed: 16083]
[num_class: 1]
[is_unbalance: 0]
[scale_pos_weight: 1]
[sigmoid: 1]
[boost_from_average: 1]
[reg_sqrt: 0]
[alpha: 0.9]
[fair_c: 1]
[poisson_max_delta_step: 0.7]
[tweedie_variance_power: 1.5]
[lambdarank_truncation_level: 30]
[lambdarank_norm: 1]
[label_gain: ]
[lambdarank_position_bias_regularization: 0]
[eval_at: ]
[multi_error_top_k: 1]
[auc_mu_weights: ]
[num_machines: 1]
[local_listen_port: 12400]
[time_out: 120]
[machine_list_filename: ]
[machines: ]
[gpu_platform_id: -1]
[gpu_device_id: -1]
[gpu_device_id_list: ]
[gpu_use_dp: 0]
[num_gpu: 1]

end of parameters

pandas_categorical:[]
